<?xml version="1.0" encoding="UTF-8"?>

<EvidenceVariable xmlns="http://hl7.org/fhir">
  <id value="IntensiveCarePatients-ClinicallyFed-NoAdipositas"/>
  <meta>
    <profile value="https://www.netzwerk-universitaetsmedizin.de/fhir/cpg-on-ebm-on-fhir/StructureDefinition/recommendation-eligibility-criteria"/>
  </meta>
  <text>
    <status value="generated"/><div xmlns="http://www.w3.org/1999/xhtml"><p class="res-header-id"><b>Generated Narrative: EvidenceVariable IntensiveCarePatients-ClinicallyFed-NoAdipositas</b></p><a name="IntensiveCarePatients-ClinicallyFed-NoAdipositas"> </a><a name="hcIntensiveCarePatients-ClinicallyFed-NoAdipositas"> </a><a name="IntensiveCarePatients-ClinicallyFed-NoAdipositas-en-US"> </a><p><b>url</b>: <a href="EvidenceVariable-IntensiveCarePatients-ClinicallyFed-NoAdipositas.html">EvidenceVariable Population: Intensive Care Patients that are clinically fed and have no Adipositas</a></p><p><b>name</b>: Population_IntensiveCarePatients_ClinicallyFed_NoAdipositas</p><p><b>title</b>: Population: Intensive Care Patients that are clinically fed and have no Adipositas</p><p><b>status</b>: Active</p><p><b>date</b>: 2024-08-12 10:22:52+0000</p><p><b>description</b>: </p><div><p>Intensive Care Patients that are clinically fed and have no Adipositas</p>
</div><blockquote><p><b>characteristic</b></p><p><b>exclude</b>: false</p><h3>DefinitionByTypeAndValues</h3><table class="grid"><tr><td style="display: none">-</td><td><b>Type</b></td><td><b>Value[x]</b></td></tr><tr><td style="display: none">*</td><td><span title="Codes:{http://snomed.info/sct 71388002}">Procedure (procedure)</span></td><td><span title="Codes:{http://snomed.info/sct 133903000}">Care of Intensive Care Unit Patient</span></td></tr></table></blockquote><blockquote><p><b>characteristic</b></p><p><b>exclude</b>: false</p><h3>DefinitionByTypeAndValues</h3><table class="grid"><tr><td style="display: none">-</td><td><b>Type</b></td><td><b>Value[x]</b></td></tr><tr><td style="display: none">*</td><td><span title="Codes:{http://snomed.info/sct 71388002}">Procedure (procedure)</span></td><td><span title="Codes:{http://snomed.info/sct 75118006}">Feeding Patient</span></td></tr></table></blockquote><blockquote><p><b>characteristic</b></p><p><b>exclude</b>: false</p><h3>DefinitionByTypeAndValues</h3><table class="grid"><tr><td style="display: none">-</td><td><b>Type</b></td><td><b>Value[x]</b></td></tr><tr><td style="display: none">*</td><td><span title="Codes:{http://loinc.org 39156-5}">Body Mass Index (BMI) [Ratio]</span></td><td>0-29.999999999 kg/m2</td></tr></table></blockquote><blockquote><p><b>characteristic</b></p><p><b>exclude</b>: true</p><h3>DefinitionByTypeAndValues</h3><table class="grid"><tr><td style="display: none">-</td><td><b>Type</b></td><td><b>Value[x]</b></td></tr><tr><td style="display: none">*</td><td><span title="Codes:{http://snomed.info/sct 103306004}">Contraindication to</span></td><td><span title="Codes:{http://snomed.info/sct 229912004}">Enteral Feeding</span></td></tr></table></blockquote></div>
  </text>
  <url value="https://www.netzwerk-universitaetsmedizin.de/fhir/codex-celida/guideline/DIVI-DigiQIs/population/intensive-care-patients_clinically-fed_no-adipositas"/>
  <name value="Population_IntensiveCarePatients_ClinicallyFed_NoAdipositas"/>
  <title value="Population: Intensive Care Patients that are clinically fed and have no Adipositas"/>
  <status value="active"/>
  <date value="2024-08-12T10:22:52+00:00"/>
  <description value="Intensive Care Patients that are clinically fed and have no Adipositas"/>
  <characteristic>
    <exclude value="false"/>
    <definitionByTypeAndValue>
      <type>
        <coding>
          <system value="http://snomed.info/sct"/>
          <code value="71388002"/>
          <display value="Procedure (procedure)"/>
        </coding>
      </type>
      <valueCodeableConcept>
        <coding>
          <system value="http://snomed.info/sct"/>
          <code value="133903000"/>
          <display value="Care of Intensive Care Unit Patient"/>
        </coding>
      </valueCodeableConcept>
    </definitionByTypeAndValue>
  </characteristic>
  <characteristic>
    <exclude value="false"/>
    <definitionByTypeAndValue>
      <type>
        <coding>
          <system value="http://snomed.info/sct"/>
          <code value="71388002"/>
          <display value="Procedure (procedure)"/>
        </coding>
      </type>
      <valueCodeableConcept>
        <coding>
          <system value="http://snomed.info/sct"/>
          <code value="75118006"/>
          <display value="Feeding Patient"/>
        </coding>
      </valueCodeableConcept>
    </definitionByTypeAndValue>
  </characteristic>
  <characteristic>
    <exclude value="false"/>
    <definitionByTypeAndValue>
      <type>
        <coding>
          <system value="http://loinc.org"/>
          <code value="39156-5"/>
          <display value="Body Mass Index (BMI) [Ratio]"/>
        </coding>
      </type>
      <valueRange>
        <low>
          <value value="0"/>
          <unit value="kg/m2"/>
          <system value="http://unitsofmeasure.org"/>
          <code value="kg/m2"/>
        </low>
        <high>
          <value value="29.999999999"/>
          <unit value="kg/m2"/>
          <system value="http://unitsofmeasure.org"/>
          <code value="kg/m2"/>
        </high>
      </valueRange>
    </definitionByTypeAndValue>
  </characteristic>
  <characteristic>
    <exclude value="true"/>
    <definitionByTypeAndValue>
      <type>
        <coding>
          <system value="http://snomed.info/sct"/>
          <code value="103306004"/>
          <display value="Contraindication to"/>
        </coding>
      </type>
      <valueCodeableConcept>
        <coding>
          <system value="http://snomed.info/sct"/>
          <code value="229912004"/>
          <display value="Enteral Feeding"/>
        </coding>
      </valueCodeableConcept>
    </definitionByTypeAndValue>
  </characteristic>
</EvidenceVariable>