<?xml version="1.0" encoding="UTF-8"?>

<PlanDefinition xmlns="http://hl7.org/fhir">
  <id value="DailyMultiprofessionalWardRounds"/>
  <meta>
    <profile value="https://www.netzwerk-universitaetsmedizin.de/fhir/cpg-on-ebm-on-fhir/StructureDefinition/recommendation-plan"/>
  </meta>
  <text>
    <status value="generated"/><div xmlns="http://www.w3.org/1999/xhtml"><p class="res-header-id"><b>Generated Narrative: PlanDefinition DailyMultiprofessionalWardRounds</b></p><a name="DailyMultiprofessionalWardRounds"> </a><a name="hcDailyMultiprofessionalWardRounds"> </a><a name="DailyMultiprofessionalWardRounds-en-US"> </a><p><b>url</b>: <a href="PlanDefinition-DailyMultiprofessionalWardRounds.html">PlanDefinition Daily multiprofessional ward rounds</a></p><p><b>version</b>: 1.0</p><p><b>name</b>: Intervention_DailyWardRounds</p><p><b>title</b>: Daily multiprofessional ward rounds</p><p><b>type</b>: <span title="Codes:{http://terminology.hl7.org/CodeSystem/plan-definition-type eca-rule}">ECA Rule</span></p><p><b>status</b>: Active</p><p><b>subject</b>: <a href="EvidenceVariable-IntensiveCarePatients.html">Population: Intensive Care Patients</a></p><p><b>date</b>: 2024-03-29</p><p><b>description</b>: </p><div><p>Every Intensive Care Patient should be visited daily in multiprofessional ward rounds led by an intensive care specialist.</p>
</div><h3>Actions</h3><table class="grid"><tr><td style="display: none">-</td><td><b>Code</b></td><td><b>Definition[x]</b></td></tr><tr><td style="display: none">*</td><td><span title="Codes:{http://snomed.info/sct 74964007}">Other (qualifier value)</span></td><td><a href="ActivityDefinition-DailyMultiprofessionalWardRoundsAction.html">Daily multiprofessional ward rounds</a></td></tr></table></div>
  </text>
  <extension url="http://hl7.org/fhir/uv/cpg/StructureDefinition/cpg-partOf">
    <valueCanonical value="https://www.netzwerk-universitaetsmedizin.de/fhir/codex-celida/guideline/DIVI-DigiQIs/recommendation/DIVI-QualityIndicator-1"/>
  </extension>
  <extension url="https://www.netzwerk-universitaetsmedizin.de/fhir/cpg-on-ebm-on-fhir/StructureDefinition/ext-action-combination-method">
    <extension url="method">
      <valueCodeableConcept>
        <coding>
          <system value="https://www.netzwerk-universitaetsmedizin.de/fhir/cpg-on-ebm-on-fhir/CodeSystem/cs-action-combination-method"/>
          <code value="all"/>
        </coding>
      </valueCodeableConcept>
    </extension>
  </extension>
  <extension url="http://hl7.org/fhir/uv/cpg/StructureDefinition/cpg-knowledgeCapability">
    <valueCode value="computable"/>
  </extension>
  <extension url="http://hl7.org/fhir/uv/cpg/StructureDefinition/cpg-knowledgeRepresentationLevel">
    <valueCode value="structured"/>
  </extension>
  <url value="https://www.netzwerk-universitaetsmedizin.de/fhir/codex-celida/guideline/DIVI-DigiQIs/intervention/daily-ward-rounds"/>
  <version value="1.0"/>
  <name value="Intervention_DailyWardRounds"/>
  <title value="Daily multiprofessional ward rounds"/>
  <type>
    <coding>
      <system value="http://terminology.hl7.org/CodeSystem/plan-definition-type"/>
      <code value="eca-rule"/>
    </coding>
  </type>
  <status value="active"/>
  <subjectCanonical value="https://www.netzwerk-universitaetsmedizin.de/fhir/codex-celida/guideline/DIVI-DigiQIs/population/intensive-care-patients"/>
  <date value="2024-03-29"/>
  <description value="Every Intensive Care Patient should be visited daily in multiprofessional ward rounds led by an intensive care specialist."/>
  <action>
    <code>
      <coding>
        <system value="http://snomed.info/sct"/>
        <code value="74964007"/>
        <display value="Other (qualifier value)"/>
      </coding>
    </code>
    <definitionCanonical value="https://www.netzwerk-universitaetsmedizin.de/fhir/codex-celida/guideline/DIVI-DigiQIs/recommended-action/daily-ward-rounds"/>
  </action>
</PlanDefinition>