<?xml version="1.0" encoding="UTF-8"?>

<PlanDefinition xmlns="http://hl7.org/fhir">
  <id value="DrivingPressureLimitation"/>
  <meta>
    <profile value="https://www.netzwerk-universitaetsmedizin.de/fhir/cpg-on-ebm-on-fhir/StructureDefinition/recommendation-plan"/>
  </meta>
  <text>
    <status value="generated"/><div xmlns="http://www.w3.org/1999/xhtml"><p class="res-header-id"><b>Generated Narrative: PlanDefinition DrivingPressureLimitation</b></p><a name="DrivingPressureLimitation"> </a><a name="hcDrivingPressureLimitation"> </a><a name="DrivingPressureLimitation-en-US"> </a><p><b>url</b>: <a href="PlanDefinition-DrivingPressureLimitation.html">PlanDefinition Driving Pressure Limitation</a></p><p><b>version</b>: 1.0</p><p><b>name</b>: Intervention_DrivingPressure_Limitation</p><p><b>title</b>: Driving Pressure Limitation</p><p><b>type</b>: <span title="Codes:{http://terminology.hl7.org/CodeSystem/plan-definition-type eca-rule}">ECA Rule</span></p><p><b>status</b>: Active</p><p><b>subject</b>: <a href="EvidenceVariable-IntensiveCarePatients-SevereARDS-InvasiveVentilation.html">Population: Intensive Care Patients with Severe ARDS and Invasive Ventilation</a></p><p><b>date</b>: 2024-03-29</p><p><b>description</b>: </p><div><p>Driving Pressure should be limited to a maximum of 15 cmH2O in all invasive ventilated ICU patients with severe ARDS.</p>
</div><blockquote><p><b>goal</b></p><blockquote><p><b>id</b></p>driving-pressure-goal</blockquote><p><b>category</b>: <span title="Codes:{http://snomed.info/sct 385857005}">Ventilator care and adjustment (regime/therapy)</span></p><p><b>description</b>: <span title="Codes:">Driving pressure should be limited to a maximum of 15 cmH2O.</span></p><h3>Targets</h3><table class="grid"><tr><td style="display: none">-</td><td><b>Measure</b></td><td><b>Detail[x]</b></td></tr><tr><td style="display: none">*</td><td><span title="Codes:{http://loinc.org 76154-4}">Airway pressure delta --on ventilator</span></td><td>?-15</td></tr></table></blockquote><h3>Actions</h3><table class="grid"><tr><td style="display: none">-</td><td><b>Code</b></td><td><b>GoalId</b></td></tr><tr><td style="display: none">*</td><td><span title="Codes:{http://snomed.info/sct 410210009}">Ventilator care management (procedure)</span></td><td>driving-pressure-goal</td></tr></table></div>
  </text>
  <extension url="http://hl7.org/fhir/uv/cpg/StructureDefinition/cpg-partOf">
    <valueCanonical value="https://www.netzwerk-universitaetsmedizin.de/fhir/codex-celida/guideline/DIVI-DigiQIs/recommendation/DIVI-QualityIndicator-3"/>
  </extension>
  <extension url="https://www.netzwerk-universitaetsmedizin.de/fhir/cpg-on-ebm-on-fhir/StructureDefinition/ext-action-combination-method">
    <extension url="method">
      <valueCodeableConcept>
        <coding>
          <system value="https://www.netzwerk-universitaetsmedizin.de/fhir/cpg-on-ebm-on-fhir/CodeSystem/cs-action-combination-method"/>
          <code value="all"/>
        </coding>
      </valueCodeableConcept>
    </extension>
  </extension>
  <extension url="http://hl7.org/fhir/uv/cpg/StructureDefinition/cpg-knowledgeCapability">
    <valueCode value="computable"/>
  </extension>
  <extension url="http://hl7.org/fhir/uv/cpg/StructureDefinition/cpg-knowledgeRepresentationLevel">
    <valueCode value="structured"/>
  </extension>
  <url value="https://www.netzwerk-universitaetsmedizin.de/fhir/codex-celida/guideline/DIVI-DigiQIs/intervention/driving-pressure_limitation"/>
  <version value="1.0"/>
  <name value="Intervention_DrivingPressure_Limitation"/>
  <title value="Driving Pressure Limitation"/>
  <type>
    <coding>
      <system value="http://terminology.hl7.org/CodeSystem/plan-definition-type"/>
      <code value="eca-rule"/>
    </coding>
  </type>
  <status value="active"/>
  <subjectCanonical value="https://www.netzwerk-universitaetsmedizin.de/fhir/codex-celida/guideline/DIVI-DigiQIs/population/intensive-care-patients_severe-ards_invasive-ventilation"/>
  <date value="2024-03-29"/>
  <description value="Driving Pressure should be limited to a maximum of 15 cmH2O in all invasive ventilated ICU patients with severe ARDS."/>
  <goal id="driving-pressure-goal">
    <category>
      <coding>
        <system value="http://snomed.info/sct"/>
        <code value="385857005"/>
        <display value="Ventilator care and adjustment (regime/therapy)"/>
      </coding>
    </category>
    <description>
      <text value="Driving pressure should be limited to a maximum of 15 cmH2O."/>
    </description>
    <target>
      <measure>
        <coding>
          <system value="http://loinc.org"/>
          <code value="76154-4"/>
          <display value="Airway pressure delta --on ventilator"/>
        </coding>
      </measure>
      <detailRange>
        <high>
          <value value="15"/>
          <unit value="cm[H2O]"/>
          <system value="http://unitsofmeasure.org"/>
          <code value="cm[H2O]"/>
        </high>
      </detailRange>
    </target>
  </goal>
  <action>
    <code>
      <coding>
        <system value="http://snomed.info/sct"/>
        <code value="410210009"/>
        <display value="Ventilator care management (procedure)"/>
      </coding>
    </code>
    <goalId value="driving-pressure-goal"/>
  </action>
</PlanDefinition>