<?xml version="1.0" encoding="UTF-8"?><ActivityDefinition xmlns="http://hl7.org/fhir"><id value="FirstCommunicationPatientsRelativesWithin72hours"/><meta><profile value="https://www.netzwerk-universitaetsmedizin.de/fhir/cpg-on-ebm-on-fhir/StructureDefinition/recommendation-action"/></meta><extension url="https://www.netzwerk-universitaetsmedizin.de/fhir/cpg-on-ebm-on-fhir/StructureDefinition/relative-time"><extension url="contextCode"><valueCodeableConcept><coding><system value="http://snomed.info/sct"/><code value="305351004"/><display value="Admission to Intensive Care Unit"/></coding></valueCodeableConcept></extension><extension url="offset"><valueRange><low><value value="0"/><unit value="hours"/><system value="http://unitsofmeasure.org"/><code value="h"/></low><high><value value="72"/><unit value="hours"/><system value="http://unitsofmeasure.org"/><code value="h"/></high></valueRange></extension></extension><extension url="http://hl7.org/fhir/uv/cpg/StructureDefinition/cpg-knowledgeCapability"><valueCode value="computable"/></extension><extension url="http://hl7.org/fhir/uv/cpg/StructureDefinition/cpg-knowledgeRepresentationLevel"><valueCode value="structured"/></extension><url value="https://www.netzwerk-universitaetsmedizin.de/fhir/codex-celida/guideline/DIVI-DigiQIs/recommended-action/first-communication-patients-relatives-within-24hours"/><version value="7.0"/><name value="FirstCommunicationPatientsRelativesWithin72hours"/><title value="First Communication with Patients and/or their Relatives within 72 hours"/><status value="active"/><experimental value="true"/><subjectCodeableConcept><coding><system value="http://hl7.org/fhir/fhir-types"/><code value="Patient"/></coding></subjectCodeableConcept><date value="2024-08-12T10:22:52+00:00"/><publisher value="NUM CODEX+ CELIDA"/><description value="An initial structured communication with the Patients and/or their Relatives occurs within 72 hours of Admission to Intensive Care."/><kind value="Task"/><code><coding><system value="http://snomed.info/sct"/><code value="225330006"/><display value="Client Participation"/></coding></code></ActivityDefinition>