<?xml version="1.0" encoding="UTF-8"?><ActivityDefinition xmlns="http://hl7.org/fhir"><id value="DeliriumAssessmentEarlyShift"/><meta><profile value="https://www.netzwerk-universitaetsmedizin.de/fhir/cpg-on-ebm-on-fhir/StructureDefinition/recommendation-action"/></meta><extension url="http://hl7.org/fhir/uv/cpg/StructureDefinition/cpg-knowledgeCapability"><valueCode value="computable"/></extension><extension url="http://hl7.org/fhir/uv/cpg/StructureDefinition/cpg-knowledgeRepresentationLevel"><valueCode value="structured"/></extension><url value="https://www.netzwerk-universitaetsmedizin.de/fhir/codex-celida/guideline/DIVI-DigiQIs/recommended-action/delirium-assessment-early-shift"/><version value="7.0"/><name value="DeliriumAssessmentEarlyShift"/><title value="Delirium Assessment during Early Shift"/><status value="active"/><experimental value="true"/><subjectCodeableConcept><coding><system value="http://hl7.org/fhir/fhir-types"/><code value="Patient"/></coding></subjectCodeableConcept><date value="2024-08-12T10:22:52+00:00"/><publisher value="NUM CODEX+ CELIDA"/><description value="Delirium should be assessed once between 6 AM and &lt;2 PM every day."/><kind value="ServiceRequest"/><code><coding><system value="http://snomed.info/sct"/><code value="733870009"/><display value="Assessment of Delirium"/></coding></code><timingTiming><repeat><frequency value="1"/><period value="1"/><periodUnit value="d"/></repeat></timingTiming></ActivityDefinition>