<?xml version="1.0" encoding="UTF-8"?><EvidenceVariable xmlns="http://hl7.org/fhir"><id value="IntensiveCarePatients-SevereARDS-InvasiveVentilation-FiO2-80to99"/><meta><profile value="https://www.netzwerk-universitaetsmedizin.de/fhir/cpg-on-ebm-on-fhir/StructureDefinition/recommendation-eligibility-criteria"/></meta><url value="https://www.netzwerk-universitaetsmedizin.de/fhir/codex-celida/guideline/DIVI-DigiQIs/population/intensive-care-patients_severe-ards_invasive-ventilation_FiO2-80to99"/><name value="Population_IntensiveCarePatients_SevereARDS_InvasiveVentilation_FiO2_80to99"/><title value="Population: Intensive Care Patients with Severe ARDS and Invasive Ventilation with FiO2=0.80-0.99"/><status value="active"/><date value="2024-08-12T10:22:52+00:00"/><description value="Intensive Care Patients with Severe ARDS and Invasive Ventilation with FiO2=0.80-0.99"/><characteristic><exclude value="false"/><definitionByTypeAndValue><type><coding><system value="http://snomed.info/sct"/><code value="71388002"/><display value="Procedure (procedure)"/></coding></type><valueCodeableConcept><coding><system value="http://snomed.info/sct"/><code value="133903000"/><display value="Care of Intensive Care Unit Patient"/></coding></valueCodeableConcept></definitionByTypeAndValue></characteristic><characteristic><exclude value="false"/><definitionByTypeAndValue><type><coding><system value="http://snomed.info/sct"/><code value="71388002"/><display value="Procedure (procedure)"/></coding></type><valueCodeableConcept><coding><system value="http://snomed.info/sct"/><code value="1258985005"/><display value="Invasive mechanical ventilation"/></coding></valueCodeableConcept></definitionByTypeAndValue></characteristic><characteristic><exclude value="false"/><definitionByTypeAndValue><type><coding><system value="http://snomed.info/sct"/><code value="404684003"/><display value="Clinical finding (finding)"/></coding></type><valueCodeableConcept><coding><system value="http://snomed.info/sct"/><code value="67782005"/><display value="Acute Respiratory Distress Syndrome"/></coding></valueCodeableConcept></definitionByTypeAndValue></characteristic><characteristic><exclude value="false"/><definitionByTypeAndValue><type><coding><system value="http://loinc.org"/><code value="50984-4"/><display value="Horowitz Index in Arterial Blood"/></coding></type><valueRange><low><value value="0"/><unit value="mm[Hg]"/><system value="http://unitsofmeasure.org"/><code value="mm[Hg]"/></low><high><value value="99.999999999"/><unit value="mm[Hg]"/><system value="http://unitsofmeasure.org"/><code value="mm[Hg]"/></high></valueRange></definitionByTypeAndValue></characteristic><characteristic><exclude value="false"/><definitionByTypeAndValue><type><coding><system value="http://loinc.org"/><code value="3150-0"/><display value="Inhaled oxygen concentration"/></coding></type><valueRange><low><value value="80"/><unit value="%"/><system value="http://unitsofmeasure.org"/><code value="%"/></low><high><value value="99.999999999"/><unit value="%"/><system value="http://unitsofmeasure.org"/><code value="%"/></high></valueRange></definitionByTypeAndValue></characteristic></EvidenceVariable>