<?xml version="1.0" encoding="UTF-8"?><EvidenceVariable xmlns="http://hl7.org/fhir"><id value="IntensiveCarePatients-PredictedInsufficientEnergyIntake"/><meta><profile value="https://www.netzwerk-universitaetsmedizin.de/fhir/cpg-on-ebm-on-fhir/StructureDefinition/recommendation-eligibility-criteria"/></meta><url value="https://www.netzwerk-universitaetsmedizin.de/fhir/codex-celida/guideline/DIVI-DigiQIs/population/intensive-care-patients_predicted-insufficient-energy-intake"/><name value="Population_IntensiveCarePatients_PredictedInsufficientEnergyIntake"/><title value="Population: Intensive Care Patients with Predicted Insufficient Energy Intake"/><status value="active"/><date value="2024-08-12T10:22:52+00:00"/><description value="Intensive Care Patients with Predicted Insufficient Energy Intake"/><characteristic><exclude value="false"/><definitionByTypeAndValue><type><coding><system value="http://snomed.info/sct"/><code value="71388002"/><display value="Procedure (procedure)"/></coding></type><valueCodeableConcept><coding><system value="http://snomed.info/sct"/><code value="133903000"/><display value="Care of Intensive Care Unit Patient"/></coding></valueCodeableConcept></definitionByTypeAndValue></characteristic><characteristic><exclude value="false"/><definitionByTypeAndValue><type><coding><system value="http://snomed.info/sct"/><code value="404684003"/><display value="Clinical finding (finding)"/></coding></type><valueCodeableConcept><coding><system value="http://snomed.info/sct"/><code value="440331000124103"/><display value="Predicted Inadequate Energy Intake"/></coding></valueCodeableConcept></definitionByTypeAndValue></characteristic></EvidenceVariable>