<?xml version="1.0" encoding="UTF-8"?><EvidenceVariable xmlns="http://hl7.org/fhir"><id value="IntensiveCarePatients-InvasiveVentilation-NoHomeVentilation"/><meta><profile value="https://www.netzwerk-universitaetsmedizin.de/fhir/cpg-on-ebm-on-fhir/StructureDefinition/recommendation-eligibility-criteria"/></meta><url value="https://www.netzwerk-universitaetsmedizin.de/fhir/codex-celida/guideline/DIVI-DigiQIs/population/intensive-care-patients_invasive-ventilation_no-home-ventilation"/><name value="Population_IntensiveCarePatients_InvasiveVentilation_NoHomeVentilation"/><title value="Population: Intensive Care Patients with Invasive Ventilation and no Home Ventilation"/><status value="active"/><date value="2024-08-12T10:22:52+00:00"/><description value="Intensive Care Patients with Invasive Ventilation and no Home Ventilation"/><characteristic><exclude value="false"/><definitionByTypeAndValue><type><coding><system value="http://snomed.info/sct"/><code value="71388002"/><display value="Procedure (procedure)"/></coding></type><valueCodeableConcept><coding><system value="http://snomed.info/sct"/><code value="133903000"/><display value="Care of Intensive Care Unit Patient"/></coding></valueCodeableConcept></definitionByTypeAndValue></characteristic><characteristic><exclude value="false"/><definitionByTypeAndValue><type><coding><system value="http://snomed.info/sct"/><code value="71388002"/><display value="Procedure (procedure)"/></coding></type><valueCodeableConcept><coding><system value="http://snomed.info/sct"/><code value="1258985005"/><display value="Invasive mechanical ventilation"/></coding></valueCodeableConcept></definitionByTypeAndValue></characteristic><characteristic><exclude value="true"/><definitionByTypeAndValue><type><coding><system value="http://snomed.info/sct"/><code value="404684003"/><display value="Clinical finding (finding)"/></coding></type><valueCodeableConcept><coding><system value="http://snomed.info/sct"/><code value="60631000119109"/><display value="Dependence on home ventilator"/></coding></valueCodeableConcept></definitionByTypeAndValue><timeFromEvent><eventCodeableConcept><coding><system value="http://snomed.info/sct"/><code value="305351004"/><display value="Admission to Intensive Care Unit"/></coding></eventCodeableConcept><range><high><value value="0"/><unit value="day"/><system value="http://unitsofmeasure.org"/><code value="d"/></high></range></timeFromEvent></characteristic></EvidenceVariable>