<?xml version="1.0" encoding="UTF-8"?><EvidenceVariable xmlns="http://hl7.org/fhir"><id value="IntensiveCarePatients-InvasiveDevice"/><meta><profile value="https://www.netzwerk-universitaetsmedizin.de/fhir/cpg-on-ebm-on-fhir/StructureDefinition/recommendation-eligibility-criteria"/></meta><url value="https://www.netzwerk-universitaetsmedizin.de/fhir/codex-celida/guideline/DIVI-DigiQIs/population/intensive-care-patients_invasive-device"/><name value="Population_IntensiveCarePatients_InvasiveDevice"/><title value="Population: Intensive Care Patients with at least one invasive device"/><status value="active"/><date value="2024-08-12T10:22:52+00:00"/><description value="Intensive Care Patients with at least one invasive device"/><characteristic><exclude value="false"/><definitionByTypeAndValue><type><coding><system value="http://snomed.info/sct"/><code value="71388002"/><display value="Procedure (procedure)"/></coding></type><valueCodeableConcept><coding><system value="http://snomed.info/sct"/><code value="133903000"/><display value="Care of Intensive Care Unit Patient"/></coding></valueCodeableConcept></definitionByTypeAndValue></characteristic><characteristic><exclude value="false"/><definitionByTypeAndValue><type><coding><system value="http://snomed.info/sct"/><code value="49062001"/><display value="Device (physical object)"/></coding></type><valueCodeableConcept><coding><system value="http://snomed.info/sct"/><code value="19923001"/><display value="Catheter"/></coding></valueCodeableConcept></definitionByTypeAndValue></characteristic></EvidenceVariable>