<?xml version="1.0" encoding="UTF-8"?><PlanDefinition xmlns="http://hl7.org/fhir"><id value="PlateauPressureLimitation"/><meta><profile value="https://www.netzwerk-universitaetsmedizin.de/fhir/cpg-on-ebm-on-fhir/StructureDefinition/recommendation-plan"/></meta><extension url="http://hl7.org/fhir/uv/cpg/StructureDefinition/cpg-partOf"><valueCanonical value="https://www.netzwerk-universitaetsmedizin.de/fhir/codex-celida/guideline/DIVI-DigiQIs/recommendation/DIVI-QualityIndicator-3"/></extension><extension url="https://www.netzwerk-universitaetsmedizin.de/fhir/cpg-on-ebm-on-fhir/StructureDefinition/ext-action-combination-method"><extension url="method"><valueCodeableConcept><coding><system value="https://www.netzwerk-universitaetsmedizin.de/fhir/cpg-on-ebm-on-fhir/CodeSystem/cs-action-combination-method"/><code value="all"/></coding></valueCodeableConcept></extension></extension><extension url="http://hl7.org/fhir/uv/cpg/StructureDefinition/cpg-knowledgeCapability"><valueCode value="computable"/></extension><extension url="http://hl7.org/fhir/uv/cpg/StructureDefinition/cpg-knowledgeRepresentationLevel"><valueCode value="structured"/></extension><url value="https://www.netzwerk-universitaetsmedizin.de/fhir/codex-celida/guideline/DIVI-DigiQIs/intervention/plateau-pressure_limitation"/><version value="1.0"/><name value="Intervention_PlateauPressure_Limitation"/><title value="Plateau Pressure Limitation"/><type><coding><system value="http://terminology.hl7.org/CodeSystem/plan-definition-type"/><code value="eca-rule"/></coding></type><status value="active"/><subjectCanonical value="https://www.netzwerk-universitaetsmedizin.de/fhir/codex-celida/guideline/DIVI-DigiQIs/population/intensive-care-patients_severe-ards_invasive-ventilation"/><date value="2024-03-29"/><description value="Plateau Pressure should be limited to a maximum of 30 cmH2O in all invasive ventilated ICU patients with severe ARDS."/><goal id="plateau-pressure-goal"><category><coding><system value="http://snomed.info/sct"/><code value="385857005"/><display value="Ventilator care and adjustment (regime/therapy)"/></coding></category><description><text value="Plateau pressure should be limited to a maximum of 30 cmH2O."/></description><target><measure><coding><system value="http://loinc.org"/><code value="76259-1"/><display value="Pressure.plateau Respiratory system airway --on ventilator"/></coding></measure><detailRange><high><value value="30"/><unit value="cm[H2O]"/><system value="http://unitsofmeasure.org"/><code value="cm[H2O]"/></high></detailRange></target></goal><action><code><coding><system value="http://snomed.info/sct"/><code value="410210009"/><display value="Ventilator care management (procedure)"/></coding></code><goalId value="plateau-pressure-goal"/></action></PlanDefinition>