<?xml version="1.0" encoding="UTF-8"?><PlanDefinition xmlns="http://hl7.org/fhir"><id value="SedationLevelAnalgesiaLevelDeliriumStatusInAcceptableRanges"/><meta><profile value="https://www.netzwerk-universitaetsmedizin.de/fhir/cpg-on-ebm-on-fhir/StructureDefinition/recommendation-plan"/></meta><extension url="http://hl7.org/fhir/uv/cpg/StructureDefinition/cpg-partOf"><valueCanonical value="https://www.netzwerk-universitaetsmedizin.de/fhir/codex-celida/guideline/DIVI-DigiQIs/recommendation/DIVI-QualityIndicator-2"/></extension><extension url="https://www.netzwerk-universitaetsmedizin.de/fhir/cpg-on-ebm-on-fhir/StructureDefinition/ext-action-combination-method"><extension url="method"><valueCodeableConcept><coding><system value="https://www.netzwerk-universitaetsmedizin.de/fhir/cpg-on-ebm-on-fhir/CodeSystem/cs-action-combination-method"/><code value="all"/></coding></valueCodeableConcept></extension></extension><extension url="http://hl7.org/fhir/uv/cpg/StructureDefinition/cpg-knowledgeCapability"><valueCode value="computable"/></extension><extension url="http://hl7.org/fhir/uv/cpg/StructureDefinition/cpg-knowledgeRepresentationLevel"><valueCode value="structured"/></extension><url value="https://www.netzwerk-universitaetsmedizin.de/fhir/codex-celida/guideline/DIVI-DigiQIs/intervention/Sedation-Level_Analgesia-Level_Delirium-Status_In-Acceptable-Ranges"/><version value="1.0"/><name value="Intervention_SedationLevel_AnalgesiaLevel_DeliriumStatus_InAcceptableranges"/><title value="Sedation Level, Analgesia Level and Delirium Status in acceptable ranges."/><type><coding><system value="http://terminology.hl7.org/CodeSystem/plan-definition-type"/><code value="eca-rule"/></coding></type><status value="active"/><subjectCanonical value="https://www.netzwerk-universitaetsmedizin.de/fhir/codex-celida/guideline/DIVI-DigiQIs/population/intensive-care-patients"/><date value="2024-03-29"/><description value="Sedation Level, Analgesia Level and Delirium Status should be in acceptable ranges."/><goal id="sedation-rass-inrange-goal"><category><coding><system value="http://snomed.info/sct"/><code value="273249006"/><display value="Assessment scales (assessment scale)"/></coding></category><description><text value="Sedation Level should be within RASS scores of -1 to +1"/></description><target><measure><coding><system value="http://snomed.info/sct"/><version value="http://snomed.info/sct/731000124108/version/20230901"/><code value="457441000124102"/><display value="Richmond agitation-sedation scale"/></coding></measure><detailRange><low><value value="-1"/><system value="http://unitsofmeasure.org"/></low><high><value value="1"/><system value="http://unitsofmeasure.org"/></high></detailRange></target></goal><action><code><coding><system value="http://snomed.info/sct"/><code value="386053000"/><display value="Evaluation procedure (procedure)"/></coding></code><goalId value="sedation-rass-inrange-goal"/><goalId value="analgesia-nrs-inrange-goal"/><goalId value="analgesia-vas-inrange-goal"/><goalId value="analgesia-bps-inrange-goal"/><goalId value="delirium-camicu-inrange-goal"/><goalId value="delirium-icdsc-inrange-goal"/></action></PlanDefinition>