<?xml version="1.0" encoding="UTF-8"?><PlanDefinition xmlns="http://hl7.org/fhir"><id value="PenumoniaVentilatedPatientRatio"/><meta><profile value="https://www.netzwerk-universitaetsmedizin.de/fhir/cpg-on-ebm-on-fhir/StructureDefinition/recommendation-plan"/></meta><extension url="http://hl7.org/fhir/uv/cpg/StructureDefinition/cpg-partOf"><valueCanonical value="https://www.netzwerk-universitaetsmedizin.de/fhir/codex-celida/guideline/DIVI-DigiQIs/recommendation/DIVI-QualityIndicator-5"/></extension><extension url="https://www.netzwerk-universitaetsmedizin.de/fhir/cpg-on-ebm-on-fhir/StructureDefinition/ext-action-combination-method"><extension url="method"><valueCodeableConcept><coding><system value="https://www.netzwerk-universitaetsmedizin.de/fhir/cpg-on-ebm-on-fhir/CodeSystem/cs-action-combination-method"/><code value="all"/></coding></valueCodeableConcept></extension></extension><extension url="http://hl7.org/fhir/uv/cpg/StructureDefinition/cpg-knowledgeCapability"><valueCode value="computable"/></extension><extension url="http://hl7.org/fhir/uv/cpg/StructureDefinition/cpg-knowledgeRepresentationLevel"><valueCode value="structured"/></extension><url value="https://www.netzwerk-universitaetsmedizin.de/fhir/codex-celida/guideline/DIVI-DigiQIs/intervention/pneumonia-ventilated-patients-ratio"/><version value="1.0"/><name value="Intervention_Pneumonia_VentilatedPatients_Ratio"/><title value="Pneumonia-per-Ventilated-Patients Ratio"/><type><coding><system value="http://terminology.hl7.org/CodeSystem/plan-definition-type"/><code value="eca-rule"/></coding></type><status value="active"/><subjectCanonical value="https://www.netzwerk-universitaetsmedizin.de/fhir/codex-celida/guideline/DIVI-DigiQIs/population/intensive-care-patients_invasive-ventilation"/><date value="2024-03-29"/><description value="The number of pneumonia cases per ventilated patients should be low."/><goal id="assessment-pneumonia-ventilated-patients-ratio"><category><coding><system value="http://snomed.info/sct"/><code value="74964007"/><display value="Other (qualifier value)"/></coding></category><description><text value="The number of pneumonia cases per ventilated patients is at zero."/></description><target><measure><coding><system value="http://snomed.info/sct"/><code value="429271009"/><display value="Ventilator associated pneumonia"/></coding></measure><detailRange><low><value value="0"/><system value="http://unitsofmeasure.org"/></low></detailRange><due><value value="1"/><unit value="day"/><system value="http://unitsofmeasure.org"/><code value="d"/></due></target></goal><action><code><coding><system value="http://snomed.info/sct"/><code value="386053000"/><display value="Evaluation procedure (procedure)"/></coding></code><goalId value="assessment-pneumonia-ventilated-patients-ratio"/></action></PlanDefinition>