{
  "resourceType" : "ActivityDefinition",
  "id" : "PainAssessmentEarlyShift",
  "meta" : {
    "profile" : ["https://www.netzwerk-universitaetsmedizin.de/fhir/cpg-on-ebm-on-fhir/StructureDefinition/recommendation-action"]
  },
  "text" : {
    "status" : "generated",
    "div" : "<div xmlns=\"http://www.w3.org/1999/xhtml\"><p class=\"res-header-id\"><b>Generated Narrative: ActivityDefinition PainAssessmentEarlyShift</b></p><a name=\"PainAssessmentEarlyShift\"> </a><a name=\"hcPainAssessmentEarlyShift\"> </a><a name=\"PainAssessmentEarlyShift-en-US\"> </a><p><b>url</b>: <a href=\"ActivityDefinition-PainAssessmentEarlyShift.html\">ActivityDefinition Pain Assessment during Early Shift</a></p><p><b>version</b>: 7.0</p><p><b>name</b>: PainAssessmentEarlyShift</p><p><b>title</b>: Pain Assessment during Early Shift</p><p><b>status</b>: Active</p><p><b>experimental</b>: true</p><p><b>subject</b>: <span title=\"Codes:{http://hl7.org/fhir/fhir-types Patient}\">Patient</span></p><p><b>date</b>: 2024-08-12 10:22:52+0000</p><p><b>publisher</b>: NUM CODEX+ CELIDA</p><p><b>description</b>: </p><div><p>Pain should be assessed once between 6 AM and &lt;2 PM every day.</p>\n</div><p><b>kind</b>: ServiceRequest</p><p><b>code</b>: <span title=\"Codes:{http://snomed.info/sct 370778008}\">Assessment of Pain Control</span></p><p><b>timing</b>: Once per1 days</p></div>"
  },
  "extension" : [{
    "url" : "http://hl7.org/fhir/uv/cpg/StructureDefinition/cpg-knowledgeCapability",
    "valueCode" : "computable"
  },
  {
    "url" : "http://hl7.org/fhir/uv/cpg/StructureDefinition/cpg-knowledgeRepresentationLevel",
    "valueCode" : "structured"
  }],
  "url" : "https://www.netzwerk-universitaetsmedizin.de/fhir/codex-celida/guideline/DIVI-DigiQIs/recommended-action/pain-assessment-early-shift",
  "version" : "7.0",
  "name" : "PainAssessmentEarlyShift",
  "title" : "Pain Assessment during Early Shift",
  "status" : "active",
  "experimental" : true,
  "subjectCodeableConcept" : {
    "coding" : [{
      "system" : "http://hl7.org/fhir/fhir-types",
      "code" : "Patient"
    }]
  },
  "date" : "2024-08-12T10:22:52+00:00",
  "publisher" : "NUM CODEX+ CELIDA",
  "description" : "Pain should be assessed once between 6 AM and <2 PM every day.",
  "kind" : "ServiceRequest",
  "code" : {
    "coding" : [{
      "system" : "http://snomed.info/sct",
      "code" : "370778008",
      "display" : "Assessment of Pain Control"
    }]
  },
  "timingTiming" : {
    "repeat" : {
      "frequency" : 1,
      "period" : 1,
      "periodUnit" : "d"
    }
  }
}