<?xml version="1.0" encoding="UTF-8"?>

<ActivityDefinition xmlns="http://hl7.org/fhir">
  <id value="FrequentBloodCultures"/>
  <meta>
    <profile value="https://www.netzwerk-universitaetsmedizin.de/fhir/cpg-on-ebm-on-fhir/StructureDefinition/recommendation-action"/>
  </meta>
  <text>
    <status value="generated"/><div xmlns="http://www.w3.org/1999/xhtml"><p class="res-header-id"><b>Generated Narrative: ActivityDefinition FrequentBloodCultures</b></p><a name="FrequentBloodCultures"> </a><a name="hcFrequentBloodCultures"> </a><a name="FrequentBloodCultures-en-US"> </a><p><b>url</b>: <a href="ActivityDefinition-FrequentBloodCultures.html">ActivityDefinition Frequent Blood Cultures</a></p><p><b>version</b>: 7.0</p><p><b>name</b>: FrequentBloodCultures</p><p><b>title</b>: Frequent Blood Cultures</p><p><b>status</b>: Active</p><p><b>experimental</b>: true</p><p><b>subject</b>: <span title="Codes:{http://hl7.org/fhir/fhir-types Patient}">Patient</span></p><p><b>date</b>: 2024-08-12 10:22:52+0000</p><p><b>publisher</b>: NUM CODEX+ CELIDA</p><p><b>description</b>: </p><div><p>The Frequency of Blood Cultures is at least 80 per 1000 days.</p>
</div><p><b>kind</b>: Task</p><p><b>code</b>: <span title="Codes:{http://snomed.info/sct 30088009}">Blood Culture</span></p><p><b>timing</b>: 80 per1000 days</p></div>
  </text>
  <extension url="http://hl7.org/fhir/uv/cpg/StructureDefinition/cpg-knowledgeCapability">
    <valueCode value="computable"/>
  </extension>
  <extension url="http://hl7.org/fhir/uv/cpg/StructureDefinition/cpg-knowledgeRepresentationLevel">
    <valueCode value="structured"/>
  </extension>
  <url value="https://www.netzwerk-universitaetsmedizin.de/fhir/codex-celida/guideline/DIVI-DigiQIs/recommended-action/frequent-blood-cultures"/>
  <version value="7.0"/>
  <name value="FrequentBloodCultures"/>
  <title value="Frequent Blood Cultures"/>
  <status value="active"/>
  <experimental value="true"/>
  <subjectCodeableConcept>
    <coding>
      <system value="http://hl7.org/fhir/fhir-types"/>
      <code value="Patient"/>
    </coding>
  </subjectCodeableConcept>
  <date value="2024-08-12T10:22:52+00:00"/>
  <publisher value="NUM CODEX+ CELIDA"/>
  <description value="The Frequency of Blood Cultures is at least 80 per 1000 days."/>
  <kind value="Task"/>
  <code>
    <coding>
      <system value="http://snomed.info/sct"/>
      <code value="30088009"/>
      <display value="Blood Culture"/>
    </coding>
  </code>
  <timingTiming>
    <repeat>
      <frequency value="80"/>
      <period value="1000"/>
      <periodUnit value="d"/>
    </repeat>
  </timingTiming>
</ActivityDefinition>