<?xml version="1.0" encoding="UTF-8"?>

<ActivityDefinition xmlns="http://hl7.org/fhir">
  <id value="DailyAssessmentAntibioticFocus"/>
  <meta>
    <profile value="https://www.netzwerk-universitaetsmedizin.de/fhir/cpg-on-ebm-on-fhir/StructureDefinition/recommendation-action"/>
  </meta>
  <text>
    <status value="generated"/><div xmlns="http://www.w3.org/1999/xhtml"><p class="res-header-id"><b>Generated Narrative: ActivityDefinition DailyAssessmentAntibioticFocus</b></p><a name="DailyAssessmentAntibioticFocus"> </a><a name="hcDailyAssessmentAntibioticFocus"> </a><a name="DailyAssessmentAntibioticFocus-en-US"> </a><p><b>url</b>: <a href="ActivityDefinition-DailyAssessmentAntibioticFocus.html">ActivityDefinition Daily Assessment of the Focus for Antibiotics</a></p><p><b>version</b>: 7.0</p><p><b>name</b>: DailyAssessmentAntibioticFocus</p><p><b>title</b>: Daily Assessment of the Focus for Antibiotics</p><p><b>status</b>: Active</p><p><b>experimental</b>: true</p><p><b>subject</b>: <span title="Codes:{http://hl7.org/fhir/fhir-types Patient}">Patient</span></p><p><b>date</b>: 2024-08-12 10:22:52+0000</p><p><b>publisher</b>: NUM CODEX+ CELIDA</p><p><b>description</b>: </p><div><p>All Antibiotics are daily re-evaluated for the Focus for each Antibiotic.</p>
</div><p><b>kind</b>: Task</p><p><b>code</b>: <span title="Codes:{http://snomed.info/sct 272737002}">Site of</span></p><p><b>timing</b>: Once per1 days</p></div>
  </text>
  <extension url="http://hl7.org/fhir/uv/cpg/StructureDefinition/cpg-knowledgeCapability">
    <valueCode value="computable"/>
  </extension>
  <extension url="http://hl7.org/fhir/uv/cpg/StructureDefinition/cpg-knowledgeRepresentationLevel">
    <valueCode value="structured"/>
  </extension>
  <url value="https://www.netzwerk-universitaetsmedizin.de/fhir/codex-celida/guideline/DIVI-DigiQIs/recommended-action/daily-assessment-antibiotic-focus"/>
  <version value="7.0"/>
  <name value="DailyAssessmentAntibioticFocus"/>
  <title value="Daily Assessment of the Focus for Antibiotics"/>
  <status value="active"/>
  <experimental value="true"/>
  <subjectCodeableConcept>
    <coding>
      <system value="http://hl7.org/fhir/fhir-types"/>
      <code value="Patient"/>
    </coding>
  </subjectCodeableConcept>
  <date value="2024-08-12T10:22:52+00:00"/>
  <publisher value="NUM CODEX+ CELIDA"/>
  <description value="All Antibiotics are daily re-evaluated for the Focus for each Antibiotic."/>
  <kind value="Task"/>
  <code>
    <coding>
      <system value="http://snomed.info/sct"/>
      <code value="272737002"/>
      <display value="Site of"/>
    </coding>
  </code>
  <timingTiming>
    <repeat>
      <frequency value="1"/>
      <period value="1"/>
      <periodUnit value="d"/>
    </repeat>
  </timingTiming>
</ActivityDefinition>