<?xml version="1.0" encoding="UTF-8"?>

<ActivityDefinition xmlns="http://hl7.org/fhir">
  <id value="SedationAssessmentEarlyShift"/>
  <meta>
    <profile value="https://www.netzwerk-universitaetsmedizin.de/fhir/cpg-on-ebm-on-fhir/StructureDefinition/recommendation-action"/>
  </meta>
  <text>
    <status value="generated"/><div xmlns="http://www.w3.org/1999/xhtml"><p class="res-header-id"><b>Generated Narrative: ActivityDefinition SedationAssessmentEarlyShift</b></p><a name="SedationAssessmentEarlyShift"> </a><a name="hcSedationAssessmentEarlyShift"> </a><a name="SedationAssessmentEarlyShift-en-US"> </a><p><b>url</b>: <a href="ActivityDefinition-SedationAssessmentEarlyShift.html">ActivityDefinition Sedation Assessment during Early Shift</a></p><p><b>version</b>: 7.0</p><p><b>name</b>: SedationAssessmentEarlyShift</p><p><b>title</b>: Sedation Assessment during Early Shift</p><p><b>status</b>: Active</p><p><b>experimental</b>: true</p><p><b>subject</b>: <span title="Codes:{http://hl7.org/fhir/fhir-types Patient}">Patient</span></p><p><b>date</b>: 2024-08-12 10:22:52+0000</p><p><b>publisher</b>: NUM CODEX+ CELIDA</p><p><b>description</b>: </p><div><p>Sedation should be assessed once between 6 AM and &lt;2 PM every day.</p>
</div><p><b>kind</b>: ServiceRequest</p><p><b>code</b>: <span title="Codes:{http://snomed.info/sct 851211000000105}">Assessment of Sedation Level</span></p><p><b>timing</b>: Once per1 days</p></div>
  </text>
  <extension url="http://hl7.org/fhir/uv/cpg/StructureDefinition/cpg-knowledgeCapability">
    <valueCode value="computable"/>
  </extension>
  <extension url="http://hl7.org/fhir/uv/cpg/StructureDefinition/cpg-knowledgeRepresentationLevel">
    <valueCode value="structured"/>
  </extension>
  <url value="https://www.netzwerk-universitaetsmedizin.de/fhir/codex-celida/guideline/DIVI-DigiQIs/recommended-action/sedation-assessment-early-shift"/>
  <version value="7.0"/>
  <name value="SedationAssessmentEarlyShift"/>
  <title value="Sedation Assessment during Early Shift"/>
  <status value="active"/>
  <experimental value="true"/>
  <subjectCodeableConcept>
    <coding>
      <system value="http://hl7.org/fhir/fhir-types"/>
      <code value="Patient"/>
    </coding>
  </subjectCodeableConcept>
  <date value="2024-08-12T10:22:52+00:00"/>
  <publisher value="NUM CODEX+ CELIDA"/>
  <description value="Sedation should be assessed once between 6 AM and &lt;2 PM every day."/>
  <kind value="ServiceRequest"/>
  <code>
    <coding>
      <system value="http://snomed.info/sct"/>
      <version value="http://snomed.info/sct/83821000000107/version/20230412"/>
      <code value="851211000000105"/>
      <display value="Assessment of Sedation Level"/>
    </coding>
  </code>
  <timingTiming>
    <repeat>
      <frequency value="1"/>
      <period value="1"/>
      <periodUnit value="d"/>
    </repeat>
  </timingTiming>
</ActivityDefinition>