<?xml version="1.0" encoding="UTF-8"?>

<EvidenceVariable xmlns="http://hl7.org/fhir">
  <id value="IntensiveCarePatients-InvasiveVentilation-NoHomeVentilation"/>
  <meta>
    <profile value="https://www.netzwerk-universitaetsmedizin.de/fhir/cpg-on-ebm-on-fhir/StructureDefinition/recommendation-eligibility-criteria"/>
  </meta>
  <text>
    <status value="generated"/><div xmlns="http://www.w3.org/1999/xhtml"><p class="res-header-id"><b>Generated Narrative: EvidenceVariable IntensiveCarePatients-InvasiveVentilation-NoHomeVentilation</b></p><a name="IntensiveCarePatients-InvasiveVentilation-NoHomeVentilation"> </a><a name="hcIntensiveCarePatients-InvasiveVentilation-NoHomeVentilation"> </a><a name="IntensiveCarePatients-InvasiveVentilation-NoHomeVentilation-en-US"> </a><p><b>url</b>: <a href="EvidenceVariable-IntensiveCarePatients-InvasiveVentilation-NoHomeVentilation.html">EvidenceVariable Population: Intensive Care Patients with Invasive Ventilation and no Home Ventilation</a></p><p><b>name</b>: Population_IntensiveCarePatients_InvasiveVentilation_NoHomeVentilation</p><p><b>title</b>: Population: Intensive Care Patients with Invasive Ventilation and no Home Ventilation</p><p><b>status</b>: Active</p><p><b>date</b>: 2024-08-12 10:22:52+0000</p><p><b>description</b>: </p><div><p>Intensive Care Patients with Invasive Ventilation and no Home Ventilation</p>
</div><blockquote><p><b>characteristic</b></p><p><b>exclude</b>: false</p><h3>DefinitionByTypeAndValues</h3><table class="grid"><tr><td style="display: none">-</td><td><b>Type</b></td><td><b>Value[x]</b></td></tr><tr><td style="display: none">*</td><td><span title="Codes:{http://snomed.info/sct 71388002}">Procedure (procedure)</span></td><td><span title="Codes:{http://snomed.info/sct 133903000}">Care of Intensive Care Unit Patient</span></td></tr></table></blockquote><blockquote><p><b>characteristic</b></p><p><b>exclude</b>: false</p><h3>DefinitionByTypeAndValues</h3><table class="grid"><tr><td style="display: none">-</td><td><b>Type</b></td><td><b>Value[x]</b></td></tr><tr><td style="display: none">*</td><td><span title="Codes:{http://snomed.info/sct 71388002}">Procedure (procedure)</span></td><td><span title="Codes:{http://snomed.info/sct 1258985005}">Invasive mechanical ventilation</span></td></tr></table></blockquote><blockquote><p><b>characteristic</b></p><p><b>exclude</b>: true</p><h3>DefinitionByTypeAndValues</h3><table class="grid"><tr><td style="display: none">-</td><td><b>Type</b></td><td><b>Value[x]</b></td></tr><tr><td style="display: none">*</td><td><span title="Codes:{http://snomed.info/sct 404684003}">Clinical finding (finding)</span></td><td><span title="Codes:{http://snomed.info/sct 60631000119109}">Dependence on home ventilator</span></td></tr></table><h3>TimeFromEvents</h3><table class="grid"><tr><td style="display: none">-</td><td><b>Event[x]</b></td><td><b>Range</b></td></tr><tr><td style="display: none">*</td><td><span title="Codes:{http://snomed.info/sct 305351004}">Admission to Intensive Care Unit</span></td><td>?-0</td></tr></table></blockquote></div>
  </text>
  <url value="https://www.netzwerk-universitaetsmedizin.de/fhir/codex-celida/guideline/DIVI-DigiQIs/population/intensive-care-patients_invasive-ventilation_no-home-ventilation"/>
  <name value="Population_IntensiveCarePatients_InvasiveVentilation_NoHomeVentilation"/>
  <title value="Population: Intensive Care Patients with Invasive Ventilation and no Home Ventilation"/>
  <status value="active"/>
  <date value="2024-08-12T10:22:52+00:00"/>
  <description value="Intensive Care Patients with Invasive Ventilation and no Home Ventilation"/>
  <characteristic>
    <exclude value="false"/>
    <definitionByTypeAndValue>
      <type>
        <coding>
          <system value="http://snomed.info/sct"/>
          <code value="71388002"/>
          <display value="Procedure (procedure)"/>
        </coding>
      </type>
      <valueCodeableConcept>
        <coding>
          <system value="http://snomed.info/sct"/>
          <code value="133903000"/>
          <display value="Care of Intensive Care Unit Patient"/>
        </coding>
      </valueCodeableConcept>
    </definitionByTypeAndValue>
  </characteristic>
  <characteristic>
    <exclude value="false"/>
    <definitionByTypeAndValue>
      <type>
        <coding>
          <system value="http://snomed.info/sct"/>
          <code value="71388002"/>
          <display value="Procedure (procedure)"/>
        </coding>
      </type>
      <valueCodeableConcept>
        <coding>
          <system value="http://snomed.info/sct"/>
          <code value="1258985005"/>
          <display value="Invasive mechanical ventilation"/>
        </coding>
      </valueCodeableConcept>
    </definitionByTypeAndValue>
  </characteristic>
  <characteristic>
    <exclude value="true"/>
    <definitionByTypeAndValue>
      <type>
        <coding>
          <system value="http://snomed.info/sct"/>
          <code value="404684003"/>
          <display value="Clinical finding (finding)"/>
        </coding>
      </type>
      <valueCodeableConcept>
        <coding>
          <system value="http://snomed.info/sct"/>
          <code value="60631000119109"/>
          <display value="Dependence on home ventilator"/>
        </coding>
      </valueCodeableConcept>
    </definitionByTypeAndValue>
    <timeFromEvent>
      <eventCodeableConcept>
        <coding>
          <system value="http://snomed.info/sct"/>
          <code value="305351004"/>
          <display value="Admission to Intensive Care Unit"/>
        </coding>
      </eventCodeableConcept>
      <range>
        <high>
          <value value="0"/>
          <unit value="day"/>
          <system value="http://unitsofmeasure.org"/>
          <code value="d"/>
        </high>
      </range>
    </timeFromEvent>
  </characteristic>
</EvidenceVariable>