<?xml version="1.0" encoding="UTF-8"?>

<EvidenceVariable xmlns="http://hl7.org/fhir">
  <id value="IntensiveCarePatients-SevereARDS-InvasiveVentilation-FiO2-80to99"/>
  <meta>
    <profile value="https://www.netzwerk-universitaetsmedizin.de/fhir/cpg-on-ebm-on-fhir/StructureDefinition/recommendation-eligibility-criteria"/>
  </meta>
  <text>
    <status value="generated"/><div xmlns="http://www.w3.org/1999/xhtml"><p class="res-header-id"><b>Generated Narrative: EvidenceVariable IntensiveCarePatients-SevereARDS-InvasiveVentilation-FiO2-80to99</b></p><a name="IntensiveCarePatients-SevereARDS-InvasiveVentilation-FiO2-80to99"> </a><a name="hcIntensiveCarePatients-SevereARDS-InvasiveVentilation-FiO2-80to99"> </a><a name="IntensiveCarePatients-SevereARDS-InvasiveVentilation-FiO2-80to99-en-US"> </a><p><b>url</b>: <a href="EvidenceVariable-IntensiveCarePatients-SevereARDS-InvasiveVentilation-FiO2-80to99.html">EvidenceVariable Population: Intensive Care Patients with Severe ARDS and Invasive Ventilation with FiO2=0.80-0.99</a></p><p><b>name</b>: Population_IntensiveCarePatients_SevereARDS_InvasiveVentilation_FiO2_80to99</p><p><b>title</b>: Population: Intensive Care Patients with Severe ARDS and Invasive Ventilation with FiO2=0.80-0.99</p><p><b>status</b>: Active</p><p><b>date</b>: 2024-08-12 10:22:52+0000</p><p><b>description</b>: </p><div><p>Intensive Care Patients with Severe ARDS and Invasive Ventilation with FiO2=0.80-0.99</p>
</div><blockquote><p><b>characteristic</b></p><p><b>exclude</b>: false</p><h3>DefinitionByTypeAndValues</h3><table class="grid"><tr><td style="display: none">-</td><td><b>Type</b></td><td><b>Value[x]</b></td></tr><tr><td style="display: none">*</td><td><span title="Codes:{http://snomed.info/sct 71388002}">Procedure (procedure)</span></td><td><span title="Codes:{http://snomed.info/sct 133903000}">Care of Intensive Care Unit Patient</span></td></tr></table></blockquote><blockquote><p><b>characteristic</b></p><p><b>exclude</b>: false</p><h3>DefinitionByTypeAndValues</h3><table class="grid"><tr><td style="display: none">-</td><td><b>Type</b></td><td><b>Value[x]</b></td></tr><tr><td style="display: none">*</td><td><span title="Codes:{http://snomed.info/sct 71388002}">Procedure (procedure)</span></td><td><span title="Codes:{http://snomed.info/sct 1258985005}">Invasive mechanical ventilation</span></td></tr></table></blockquote><blockquote><p><b>characteristic</b></p><p><b>exclude</b>: false</p><h3>DefinitionByTypeAndValues</h3><table class="grid"><tr><td style="display: none">-</td><td><b>Type</b></td><td><b>Value[x]</b></td></tr><tr><td style="display: none">*</td><td><span title="Codes:{http://snomed.info/sct 404684003}">Clinical finding (finding)</span></td><td><span title="Codes:{http://snomed.info/sct 67782005}">Acute Respiratory Distress Syndrome</span></td></tr></table></blockquote><blockquote><p><b>characteristic</b></p><p><b>exclude</b>: false</p><h3>DefinitionByTypeAndValues</h3><table class="grid"><tr><td style="display: none">-</td><td><b>Type</b></td><td><b>Value[x]</b></td></tr><tr><td style="display: none">*</td><td><span title="Codes:{http://loinc.org 50984-4}">Horowitz Index in Arterial Blood</span></td><td>0-99.999999999 mm[Hg]</td></tr></table></blockquote><blockquote><p><b>characteristic</b></p><p><b>exclude</b>: false</p><h3>DefinitionByTypeAndValues</h3><table class="grid"><tr><td style="display: none">-</td><td><b>Type</b></td><td><b>Value[x]</b></td></tr><tr><td style="display: none">*</td><td><span title="Codes:{http://loinc.org 3150-0}">Inhaled oxygen concentration</span></td><td>80-99.999999999 %</td></tr></table></blockquote></div>
  </text>
  <url value="https://www.netzwerk-universitaetsmedizin.de/fhir/codex-celida/guideline/DIVI-DigiQIs/population/intensive-care-patients_severe-ards_invasive-ventilation_FiO2-80to99"/>
  <name value="Population_IntensiveCarePatients_SevereARDS_InvasiveVentilation_FiO2_80to99"/>
  <title value="Population: Intensive Care Patients with Severe ARDS and Invasive Ventilation with FiO2=0.80-0.99"/>
  <status value="active"/>
  <date value="2024-08-12T10:22:52+00:00"/>
  <description value="Intensive Care Patients with Severe ARDS and Invasive Ventilation with FiO2=0.80-0.99"/>
  <characteristic>
    <exclude value="false"/>
    <definitionByTypeAndValue>
      <type>
        <coding>
          <system value="http://snomed.info/sct"/>
          <code value="71388002"/>
          <display value="Procedure (procedure)"/>
        </coding>
      </type>
      <valueCodeableConcept>
        <coding>
          <system value="http://snomed.info/sct"/>
          <code value="133903000"/>
          <display value="Care of Intensive Care Unit Patient"/>
        </coding>
      </valueCodeableConcept>
    </definitionByTypeAndValue>
  </characteristic>
  <characteristic>
    <exclude value="false"/>
    <definitionByTypeAndValue>
      <type>
        <coding>
          <system value="http://snomed.info/sct"/>
          <code value="71388002"/>
          <display value="Procedure (procedure)"/>
        </coding>
      </type>
      <valueCodeableConcept>
        <coding>
          <system value="http://snomed.info/sct"/>
          <code value="1258985005"/>
          <display value="Invasive mechanical ventilation"/>
        </coding>
      </valueCodeableConcept>
    </definitionByTypeAndValue>
  </characteristic>
  <characteristic>
    <exclude value="false"/>
    <definitionByTypeAndValue>
      <type>
        <coding>
          <system value="http://snomed.info/sct"/>
          <code value="404684003"/>
          <display value="Clinical finding (finding)"/>
        </coding>
      </type>
      <valueCodeableConcept>
        <coding>
          <system value="http://snomed.info/sct"/>
          <code value="67782005"/>
          <display value="Acute Respiratory Distress Syndrome"/>
        </coding>
      </valueCodeableConcept>
    </definitionByTypeAndValue>
  </characteristic>
  <characteristic>
    <exclude value="false"/>
    <definitionByTypeAndValue>
      <type>
        <coding>
          <system value="http://loinc.org"/>
          <code value="50984-4"/>
          <display value="Horowitz Index in Arterial Blood"/>
        </coding>
      </type>
      <valueRange>
        <low>
          <value value="0"/>
          <unit value="mm[Hg]"/>
          <system value="http://unitsofmeasure.org"/>
          <code value="mm[Hg]"/>
        </low>
        <high>
          <value value="99.999999999"/>
          <unit value="mm[Hg]"/>
          <system value="http://unitsofmeasure.org"/>
          <code value="mm[Hg]"/>
        </high>
      </valueRange>
    </definitionByTypeAndValue>
  </characteristic>
  <characteristic>
    <exclude value="false"/>
    <definitionByTypeAndValue>
      <type>
        <coding>
          <system value="http://loinc.org"/>
          <code value="3150-0"/>
          <display value="Inhaled oxygen concentration"/>
        </coding>
      </type>
      <valueRange>
        <low>
          <value value="80"/>
          <unit value="%"/>
          <system value="http://unitsofmeasure.org"/>
          <code value="%"/>
        </low>
        <high>
          <value value="99.999999999"/>
          <unit value="%"/>
          <system value="http://unitsofmeasure.org"/>
          <code value="%"/>
        </high>
      </valueRange>
    </definitionByTypeAndValue>
  </characteristic>
</EvidenceVariable>