{
  "resourceType" : "EvidenceVariable",
  "id" : "IntensiveCarePatients-IntensiveCareLongerThanThreeDays",
  "meta" : {
    "profile" : ["https://www.netzwerk-universitaetsmedizin.de/fhir/cpg-on-ebm-on-fhir/StructureDefinition/recommendation-eligibility-criteria"]
  },
  "text" : {
    "status" : "generated",
    "div" : "<div xmlns=\"http://www.w3.org/1999/xhtml\"><p class=\"res-header-id\"><b>Generated Narrative: EvidenceVariable IntensiveCarePatients-IntensiveCareLongerThanThreeDays</b></p><a name=\"IntensiveCarePatients-IntensiveCareLongerThanThreeDays\"> </a><a name=\"hcIntensiveCarePatients-IntensiveCareLongerThanThreeDays\"> </a><a name=\"IntensiveCarePatients-IntensiveCareLongerThanThreeDays-en-US\"> </a><p><b>url</b>: <a href=\"EvidenceVariable-IntensiveCarePatients-IntensiveCareLongerThanThreeDays.html\">EvidenceVariable Population: Intensive Care Patients with Intensive Care Treatment Longer Than Three Days</a></p><p><b>name</b>: Population_IntensiveCarePatients_IntensiveCareLongerThanThreeDays</p><p><b>title</b>: Population: Intensive Care Patients with Intensive Care Treatment Longer Than Three Days</p><p><b>status</b>: Active</p><p><b>date</b>: 2024-08-12 10:22:52+0000</p><p><b>description</b>: </p><div><p>Intensive Care Patients with Intensive Care Treatment Longer Than Three Days</p>\n</div><blockquote><p><b>characteristic</b></p><p><b>exclude</b>: false</p><h3>DefinitionByTypeAndValues</h3><table class=\"grid\"><tr><td style=\"display: none\">-</td><td><b>Type</b></td><td><b>Value[x]</b></td></tr><tr><td style=\"display: none\">*</td><td><span title=\"Codes:{http://snomed.info/sct 71388002}\">Procedure (procedure)</span></td><td><span title=\"Codes:{http://snomed.info/sct 133903000}\">Care of Intensive Care Unit Patient</span></td></tr></table><p><b>duration</b>: 72.000000001-? hour</p></blockquote><blockquote><p><b>characteristic</b></p><p><b>exclude</b>: false</p><h3>DefinitionByTypeAndValues</h3><table class=\"grid\"><tr><td style=\"display: none\">-</td><td><b>Type</b></td><td><b>Value[x]</b></td></tr><tr><td style=\"display: none\">*</td><td><span title=\"Codes:{http://snomed.info/sct 71388002}\">Procedure (procedure)</span></td><td><span title=\"Codes:{http://snomed.info/sct 133903000}\">Care of Intensive Care Unit Patient</span></td></tr></table><h3>TimeFromEvents</h3><table class=\"grid\"><tr><td style=\"display: none\">-</td><td><b>Event[x]</b></td><td><b>Range</b></td></tr><tr><td style=\"display: none\">*</td><td><span title=\"Codes:{http://snomed.info/sct 305351004}\">Admission to Intensive Care Unit</span></td><td>72.000000001-? hour</td></tr></table></blockquote></div>"
  },
  "url" : "https://www.netzwerk-universitaetsmedizin.de/fhir/codex-celida/guideline/DIVI-DigiQIs/population/intensive-care-patients_intensive-care-longer-than-three-days",
  "name" : "Population_IntensiveCarePatients_IntensiveCareLongerThanThreeDays",
  "title" : "Population: Intensive Care Patients with Intensive Care Treatment Longer Than Three Days",
  "status" : "active",
  "date" : "2024-08-12T10:22:52+00:00",
  "description" : "Intensive Care Patients with Intensive Care Treatment Longer Than Three Days",
  "characteristic" : [{
    "exclude" : false,
    "definitionByTypeAndValue" : {
      "type" : {
        "coding" : [{
          "system" : "http://snomed.info/sct",
          "code" : "71388002",
          "display" : "Procedure (procedure)"
        }]
      },
      "valueCodeableConcept" : {
        "coding" : [{
          "system" : "http://snomed.info/sct",
          "code" : "133903000",
          "display" : "Care of Intensive Care Unit Patient"
        }]
      }
    },
    "durationRange" : {
      "low" : {
        "value" : 72.000000001,
        "unit" : "hour",
        "system" : "http://unitsofmeasure.org",
        "code" : "h"
      }
    }
  },
  {
    "exclude" : false,
    "definitionByTypeAndValue" : {
      "type" : {
        "coding" : [{
          "system" : "http://snomed.info/sct",
          "code" : "71388002",
          "display" : "Procedure (procedure)"
        }]
      },
      "valueCodeableConcept" : {
        "coding" : [{
          "system" : "http://snomed.info/sct",
          "code" : "133903000",
          "display" : "Care of Intensive Care Unit Patient"
        }]
      }
    },
    "timeFromEvent" : [{
      "eventCodeableConcept" : {
        "coding" : [{
          "system" : "http://snomed.info/sct",
          "code" : "305351004",
          "display" : "Admission to Intensive Care Unit"
        }]
      },
      "range" : {
        "low" : {
          "value" : 72.000000001,
          "unit" : "hour",
          "system" : "http://unitsofmeasure.org",
          "code" : "h"
        }
      }
    }]
  }]
}