{
  "resourceType" : "PlanDefinition",
  "id" : "DIVIQualityIndicator6",
  "meta" : {
    "profile" : ["https://www.netzwerk-universitaetsmedizin.de/fhir/cpg-on-ebm-on-fhir/StructureDefinition/recommendation"]
  },
  "text" : {
    "status" : "generated",
    "div" : "<div xmlns=\"http://www.w3.org/1999/xhtml\"><p class=\"res-header-id\"><b>Generated Narrative: PlanDefinition DIVIQualityIndicator6</b></p><a name=\"DIVIQualityIndicator6\"> </a><a name=\"hcDIVIQualityIndicator6\"> </a><a name=\"DIVIQualityIndicator6-en-US\"> </a><p><b>url</b>: <a href=\"PlanDefinition-DIVIQualityIndicator6.html\">PlanDefinition DIVI Quality Indicator 6</a></p><p><b>version</b>: 1.0</p><p><b>name</b>: DiVI_QualityIndicator_6</p><p><b>title</b>: DIVI Quality Indicator 6</p><p><b>type</b>: <span title=\"Codes:{http://terminology.hl7.org/CodeSystem/plan-definition-type workflow-definition}\">Workflow Definition</span></p><p><b>status</b>: Active</p><p><b>experimental</b>: true</p><p><b>date</b>: 2024-03-29</p><p><b>publisher</b>: Deutsche Interdisziplinäre Vereinigung für Intensiv- und Notfallmedizin (DIVI)</p><p><b>description</b>: </p><div><p>DIVI Quality Indicator 6: Infection Management</p>\n</div><blockquote><p><b>action</b></p><p><b>title</b>: DIVI Quality Indicator 6a: Indication, Focus and Duration of Therapy for Antibiotics</p><p><b>description</b>: </p><div><p>All Intensive Care Patients with Antibiotics should have a daily re-evaluation of the Indication, Focus and Duration of Therapy for each Antibiotic.</p>\n</div><p><b>code</b>: <span title=\"Codes:{http://hl7.org/fhir/uv/cpg/CodeSystem/cpg-common-process guideline-based-care}\">Guideline-based Care</span></p><p><b>definition</b>: <a href=\"PlanDefinition-AntibioticsIndicationFocusDuration.html\">Indication, Focus and Duration of Therapy for Antibiotics</a></p></blockquote><blockquote><p><b>action</b></p><p><b>title</b>: DIVI Quality Indicator 6b: Frequency of Blood Cultures</p><p><b>description</b>: </p><div><p>The Frequency of Blood Cultures should be at least 80 per 1000 days.</p>\n</div><p><b>code</b>: <span title=\"Codes:{http://hl7.org/fhir/uv/cpg/CodeSystem/cpg-common-process guideline-based-care}\">Guideline-based Care</span></p><p><b>definition</b>: <a href=\"PlanDefinition-FrequencyBloodCultures.html\">Frequency of Blood Cultures</a></p></blockquote></div>"
  },
  "extension" : [{
    "extension" : [{
      "url" : "method",
      "valueCodeableConcept" : {
        "coding" : [{
          "system" : "https://www.netzwerk-universitaetsmedizin.de/fhir/cpg-on-ebm-on-fhir/CodeSystem/cs-action-combination-method",
          "code" : "all"
        }]
      }
    }],
    "url" : "https://www.netzwerk-universitaetsmedizin.de/fhir/cpg-on-ebm-on-fhir/StructureDefinition/ext-action-combination-method"
  },
  {
    "url" : "http://hl7.org/fhir/uv/cpg/StructureDefinition/cpg-knowledgeCapability",
    "valueCode" : "computable"
  },
  {
    "url" : "http://hl7.org/fhir/uv/cpg/StructureDefinition/cpg-knowledgeRepresentationLevel",
    "valueCode" : "structured"
  }],
  "url" : "https://www.netzwerk-universitaetsmedizin.de/fhir/codex-celida/guideline/DIVI-DigiQIs/recommendation/DIVI-QualityIndicator-6",
  "version" : "1.0",
  "name" : "DiVI_QualityIndicator_6",
  "title" : "DIVI Quality Indicator 6",
  "type" : {
    "coding" : [{
      "system" : "http://terminology.hl7.org/CodeSystem/plan-definition-type",
      "code" : "workflow-definition"
    }]
  },
  "status" : "active",
  "experimental" : true,
  "date" : "2024-03-29",
  "publisher" : "Deutsche Interdisziplinäre Vereinigung für Intensiv- und Notfallmedizin (DIVI)",
  "description" : "DIVI Quality Indicator 6: Infection Management",
  "action" : [{
    "title" : "DIVI Quality Indicator 6a: Indication, Focus and Duration of Therapy for Antibiotics",
    "description" : "All Intensive Care Patients with Antibiotics should have a daily re-evaluation of the Indication, Focus and Duration of Therapy for each Antibiotic.",
    "code" : {
      "coding" : [{
        "system" : "http://hl7.org/fhir/uv/cpg/CodeSystem/cpg-common-process",
        "code" : "guideline-based-care"
      }]
    },
    "definitionCanonical" : "https://www.netzwerk-universitaetsmedizin.de/fhir/codex-celida/guideline/DIVI-DigiQIs/intervention/antibiotics_indication-focus-duration"
  },
  {
    "title" : "DIVI Quality Indicator 6b: Frequency of Blood Cultures",
    "description" : "The Frequency of Blood Cultures should be at least 80 per 1000 days.",
    "code" : {
      "coding" : [{
        "system" : "http://hl7.org/fhir/uv/cpg/CodeSystem/cpg-common-process",
        "code" : "guideline-based-care"
      }]
    },
    "definitionCanonical" : "https://www.netzwerk-universitaetsmedizin.de/fhir/codex-celida/guideline/DIVI-DigiQIs/intervention/blood-cultures_frequency"
  }]
}