{"resourceType":"ActivityDefinition","id":"WeeklyCommunicationPatientsRelatives","meta":{"profile":["https://www.netzwerk-universitaetsmedizin.de/fhir/cpg-on-ebm-on-fhir/StructureDefinition/recommendation-action"]},"extension":[{"url":"http://hl7.org/fhir/uv/cpg/StructureDefinition/cpg-knowledgeCapability","valueCode":"computable"},{"url":"http://hl7.org/fhir/uv/cpg/StructureDefinition/cpg-knowledgeRepresentationLevel","valueCode":"structured"}],"url":"https://www.netzwerk-universitaetsmedizin.de/fhir/codex-celida/guideline/DIVI-DigiQIs/recommended-action/weekly-communication-patients-relatives","version":"7.0","name":"WeeklyCommunicationPatientsRelatives","title":"Weekly Communication with Patients and Relatives","status":"active","experimental":true,"subjectCodeableConcept":{"coding":[{"system":"http://hl7.org/fhir/fhir-types","code":"Patient"}]},"date":"2024-08-12T10:22:52+00:00","publisher":"NUM CODEX+ CELIDA","description":"At least one structured communication with the Patients and/or their Relatives takes place every week.","kind":"Task","code":{"coding":[{"system":"http://snomed.info/sct","code":"225330006","display":"Client Participation"}]},"timingTiming":{"repeat":{"frequency":1,"period":7,"periodUnit":"d"}}}