{"resourceType":"ActivityDefinition","id":"NoDischargeWithHomeVentilation","meta":{"profile":["https://www.netzwerk-universitaetsmedizin.de/fhir/cpg-on-ebm-on-fhir/StructureDefinition/recommendation-action"]},"extension":[{"url":"http://hl7.org/fhir/uv/cpg/StructureDefinition/cpg-knowledgeCapability","valueCode":"computable"},{"url":"http://hl7.org/fhir/uv/cpg/StructureDefinition/cpg-knowledgeRepresentationLevel","valueCode":"structured"}],"url":"https://www.netzwerk-universitaetsmedizin.de/fhir/codex-celida/guideline/DIVI-DigiQIs/recommended-action/no-discharge-with-home-ventilation","version":"7.0","name":"NoDischargeWithHomeVentilation","title":"No Discharge with Home Ventilation","status":"active","experimental":true,"subjectCodeableConcept":{"coding":[{"system":"http://hl7.org/fhir/fhir-types","code":"Patient"}]},"date":"2024-08-12T10:22:52+00:00","publisher":"NUM CODEX+ CELIDA","description":"The patient is not discharged with home ventilation.","kind":"Task","code":{"coding":[{"system":"http://snomed.info/sct","code":"60631000119109","display":"Dependence on home ventilator"}]},"timingTiming":{"repeat":{"frequency":1,"period":1,"periodUnit":"d"}}}