{"resourceType":"ActivityDefinition","id":"SedationAssessmentNightShift","meta":{"profile":["https://www.netzwerk-universitaetsmedizin.de/fhir/cpg-on-ebm-on-fhir/StructureDefinition/recommendation-action"]},"extension":[{"url":"http://hl7.org/fhir/uv/cpg/StructureDefinition/cpg-knowledgeCapability","valueCode":"computable"},{"url":"http://hl7.org/fhir/uv/cpg/StructureDefinition/cpg-knowledgeRepresentationLevel","valueCode":"structured"}],"url":"https://www.netzwerk-universitaetsmedizin.de/fhir/codex-celida/guideline/DIVI-DigiQIs/recommended-action/sedation-assessment-night-shift","version":"7.0","name":"SedationAssessmentNightShift","title":"Sedation Assessment during Night Shift","status":"active","experimental":true,"subjectCodeableConcept":{"coding":[{"system":"http://hl7.org/fhir/fhir-types","code":"Patient"}]},"date":"2024-08-12T10:22:52+00:00","publisher":"NUM CODEX+ CELIDA","description":"Sedation should be assessed once between 10 PM and <6 AM every day.","kind":"ServiceRequest","code":{"coding":[{"system":"http://snomed.info/sct","version":"http://snomed.info/sct/83821000000107/version/20230412","code":"851211000000105","display":"Assessment of Sedation Level"}]},"timingTiming":{"repeat":{"frequency":1,"period":1,"periodUnit":"d"}}}