{"resourceType":"ActivityDefinition","id":"DailyMobilization","meta":{"profile":["https://www.netzwerk-universitaetsmedizin.de/fhir/cpg-on-ebm-on-fhir/StructureDefinition/recommendation-action"]},"extension":[{"url":"http://hl7.org/fhir/uv/cpg/StructureDefinition/cpg-knowledgeCapability","valueCode":"computable"},{"url":"http://hl7.org/fhir/uv/cpg/StructureDefinition/cpg-knowledgeRepresentationLevel","valueCode":"structured"}],"url":"https://www.netzwerk-universitaetsmedizin.de/fhir/codex-celida/guideline/DIVI-DigiQIs/recommended-action/daily-mobilization","version":"7.0","name":"DailyMobilization","title":"Daily Mobilization","status":"active","experimental":true,"subjectCodeableConcept":{"coding":[{"system":"http://hl7.org/fhir/fhir-types","code":"Patient"}]},"date":"2024-08-12T10:22:52+00:00","publisher":"NUM CODEX+ CELIDA","description":"Mobilization that occurs at least once a day.","kind":"ServiceRequest","code":{"coding":[{"system":"http://snomed.info/sct","code":"74923002","display":"Mobilization"}]},"timingTiming":{"repeat":{"frequency":1,"period":1,"periodUnit":"d"}}}