{"resourceType":"ActivityDefinition","id":"DailyTreatmentGoals","meta":{"profile":["https://www.netzwerk-universitaetsmedizin.de/fhir/cpg-on-ebm-on-fhir/StructureDefinition/recommendation-action"]},"extension":[{"url":"http://hl7.org/fhir/uv/cpg/StructureDefinition/cpg-knowledgeCapability","valueCode":"computable"},{"url":"http://hl7.org/fhir/uv/cpg/StructureDefinition/cpg-knowledgeRepresentationLevel","valueCode":"structured"}],"url":"https://www.netzwerk-universitaetsmedizin.de/fhir/codex-celida/guideline/DIVI-DigiQIs/recommended-action/daily-treatment-goals","version":"7.0","name":"DailyTreatmentGoals","title":"Daily Treatment Goals","status":"active","experimental":true,"subjectCodeableConcept":{"coding":[{"system":"http://hl7.org/fhir/fhir-types","code":"Patient"}]},"date":"2024-08-12T10:22:52+00:00","publisher":"NUM CODEX+ CELIDA","description":"Daily Treatment Goals are set at least once every day.","kind":"Task","code":{"coding":[{"system":"http://divi.de/forschung/sektionsgruppen/qualitaetsverbesserung-und-informationstechnologie/informationstechnologie-und-medizintechnik","code":"TAGESZIEL","display":"Setting daily treatment goals"}]},"timingTiming":{"repeat":{"frequency":1,"period":1,"periodUnit":"d"}}}