{"resourceType":"ActivityDefinition","id":"DailyStopOrdersInvasiveDevices","meta":{"profile":["https://www.netzwerk-universitaetsmedizin.de/fhir/cpg-on-ebm-on-fhir/StructureDefinition/recommendation-action"]},"extension":[{"url":"http://hl7.org/fhir/uv/cpg/StructureDefinition/cpg-knowledgeCapability","valueCode":"computable"},{"url":"http://hl7.org/fhir/uv/cpg/StructureDefinition/cpg-knowledgeRepresentationLevel","valueCode":"structured"}],"url":"https://www.netzwerk-universitaetsmedizin.de/fhir/codex-celida/guideline/DIVI-DigiQIs/recommended-action/daily-stop-orders-invasive-devices","version":"7.0","name":"DailyStopOrdersInvasiveDevices","title":"Daily Stop-Orders for Invasive Devices","status":"active","experimental":true,"subjectCodeableConcept":{"coding":[{"system":"http://hl7.org/fhir/fhir-types","code":"Patient"}]},"date":"2024-08-12T10:22:52+00:00","publisher":"NUM CODEX+ CELIDA","description":"All invasive devices have a daily re-evaluation regarding the necessity of each device.","kind":"Task","code":{"coding":[{"system":"http://snomed.info/sct","code":"230165009","display":"Indication of"}]},"timingTiming":{"repeat":{"frequency":1,"period":1,"periodUnit":"d"}}}