{"resourceType":"ActivityDefinition","id":"FirstCommunicationPatientsRelativesWithin72hours","meta":{"profile":["https://www.netzwerk-universitaetsmedizin.de/fhir/cpg-on-ebm-on-fhir/StructureDefinition/recommendation-action"]},"extension":[{"extension":[{"url":"contextCode","valueCodeableConcept":{"coding":[{"system":"http://snomed.info/sct","code":"305351004","display":"Admission to Intensive Care Unit"}]}},{"url":"offset","valueRange":{"low":{"value":0,"unit":"hours","system":"http://unitsofmeasure.org","code":"h"},"high":{"value":72,"unit":"hours","system":"http://unitsofmeasure.org","code":"h"}}}],"url":"https://www.netzwerk-universitaetsmedizin.de/fhir/cpg-on-ebm-on-fhir/StructureDefinition/relative-time"},{"url":"http://hl7.org/fhir/uv/cpg/StructureDefinition/cpg-knowledgeCapability","valueCode":"computable"},{"url":"http://hl7.org/fhir/uv/cpg/StructureDefinition/cpg-knowledgeRepresentationLevel","valueCode":"structured"}],"url":"https://www.netzwerk-universitaetsmedizin.de/fhir/codex-celida/guideline/DIVI-DigiQIs/recommended-action/first-communication-patients-relatives-within-24hours","version":"7.0","name":"FirstCommunicationPatientsRelativesWithin72hours","title":"First Communication with Patients and/or their Relatives within 72 hours","status":"active","experimental":true,"subjectCodeableConcept":{"coding":[{"system":"http://hl7.org/fhir/fhir-types","code":"Patient"}]},"date":"2024-08-12T10:22:52+00:00","publisher":"NUM CODEX+ CELIDA","description":"An initial structured communication with the Patients and/or their Relatives occurs within 72 hours of Admission to Intensive Care.","kind":"Task","code":{"coding":[{"system":"http://snomed.info/sct","code":"225330006","display":"Client Participation"}]}}