{"resourceType":"ActivityDefinition","id":"PainAssessmentEarlyShift","meta":{"profile":["https://www.netzwerk-universitaetsmedizin.de/fhir/cpg-on-ebm-on-fhir/StructureDefinition/recommendation-action"]},"extension":[{"url":"http://hl7.org/fhir/uv/cpg/StructureDefinition/cpg-knowledgeCapability","valueCode":"computable"},{"url":"http://hl7.org/fhir/uv/cpg/StructureDefinition/cpg-knowledgeRepresentationLevel","valueCode":"structured"}],"url":"https://www.netzwerk-universitaetsmedizin.de/fhir/codex-celida/guideline/DIVI-DigiQIs/recommended-action/pain-assessment-early-shift","version":"7.0","name":"PainAssessmentEarlyShift","title":"Pain Assessment during Early Shift","status":"active","experimental":true,"subjectCodeableConcept":{"coding":[{"system":"http://hl7.org/fhir/fhir-types","code":"Patient"}]},"date":"2024-08-12T10:22:52+00:00","publisher":"NUM CODEX+ CELIDA","description":"Pain should be assessed once between 6 AM and <2 PM every day.","kind":"ServiceRequest","code":{"coding":[{"system":"http://snomed.info/sct","code":"370778008","display":"Assessment of Pain Control"}]},"timingTiming":{"repeat":{"frequency":1,"period":1,"periodUnit":"d"}}}