{"resourceType":"ActivityDefinition","id":"DeliriumAssessmentNightShift","meta":{"profile":["https://www.netzwerk-universitaetsmedizin.de/fhir/cpg-on-ebm-on-fhir/StructureDefinition/recommendation-action"]},"extension":[{"url":"http://hl7.org/fhir/uv/cpg/StructureDefinition/cpg-knowledgeCapability","valueCode":"computable"},{"url":"http://hl7.org/fhir/uv/cpg/StructureDefinition/cpg-knowledgeRepresentationLevel","valueCode":"structured"}],"url":"https://www.netzwerk-universitaetsmedizin.de/fhir/codex-celida/guideline/DIVI-DigiQIs/recommended-action/delirium-assessment-night-shift","version":"7.0","name":"DeliriumAssessmentNightShift","title":"Delirium Assessment during Night Shift","status":"active","experimental":true,"subjectCodeableConcept":{"coding":[{"system":"http://hl7.org/fhir/fhir-types","code":"Patient"}]},"date":"2024-08-12T10:22:52+00:00","publisher":"NUM CODEX+ CELIDA","description":"Delirium should be assessed once between 10 PM and <6 AM every day.","kind":"ServiceRequest","code":{"coding":[{"system":"http://snomed.info/sct","code":"733870009","display":"Assessment of Delirium"}]},"timingTiming":{"repeat":{"frequency":1,"period":1,"periodUnit":"d"}}}