{"resourceType":"ActivityDefinition","id":"FrequentBloodCultures","meta":{"profile":["https://www.netzwerk-universitaetsmedizin.de/fhir/cpg-on-ebm-on-fhir/StructureDefinition/recommendation-action"]},"extension":[{"url":"http://hl7.org/fhir/uv/cpg/StructureDefinition/cpg-knowledgeCapability","valueCode":"computable"},{"url":"http://hl7.org/fhir/uv/cpg/StructureDefinition/cpg-knowledgeRepresentationLevel","valueCode":"structured"}],"url":"https://www.netzwerk-universitaetsmedizin.de/fhir/codex-celida/guideline/DIVI-DigiQIs/recommended-action/frequent-blood-cultures","version":"7.0","name":"FrequentBloodCultures","title":"Frequent Blood Cultures","status":"active","experimental":true,"subjectCodeableConcept":{"coding":[{"system":"http://hl7.org/fhir/fhir-types","code":"Patient"}]},"date":"2024-08-12T10:22:52+00:00","publisher":"NUM CODEX+ CELIDA","description":"The Frequency of Blood Cultures is at least 80 per 1000 days.","kind":"Task","code":{"coding":[{"system":"http://snomed.info/sct","code":"30088009","display":"Blood Culture"}]},"timingTiming":{"repeat":{"frequency":80,"period":1000,"periodUnit":"d"}}}