{"resourceType":"ActivityDefinition","id":"DailySufficientFeeding","meta":{"profile":["https://www.netzwerk-universitaetsmedizin.de/fhir/cpg-on-ebm-on-fhir/StructureDefinition/recommendation-action"]},"extension":[{"url":"http://hl7.org/fhir/uv/cpg/StructureDefinition/cpg-knowledgeCapability","valueCode":"computable"},{"url":"http://hl7.org/fhir/uv/cpg/StructureDefinition/cpg-knowledgeRepresentationLevel","valueCode":"structured"}],"url":"https://www.netzwerk-universitaetsmedizin.de/fhir/codex-celida/guideline/DIVI-DigiQIs/recommended-action/daily-sufficient-feeding","version":"7.0","name":"DailySufficientFeeding","title":"The daily calorie intake is sufficient","status":"active","experimental":true,"subjectCodeableConcept":{"coding":[{"system":"http://hl7.org/fhir/fhir-types","code":"Patient"}]},"date":"2024-08-12T10:22:52+00:00","publisher":"NUM CODEX+ CELIDA","description":"The daily amount of calories matches the individual requirements.","kind":"NutritionOrder","code":{"coding":[{"system":"http://snomed.info/sct","code":"787787004","display":"Calorie Intake"}]},"timingTiming":{"repeat":{"frequency":1,"period":1,"periodUnit":"d"}}}