{"resourceType":"ActivityDefinition","id":"FirstMobilizationWithin24hours","meta":{"profile":["https://www.netzwerk-universitaetsmedizin.de/fhir/cpg-on-ebm-on-fhir/StructureDefinition/recommendation-action"]},"extension":[{"extension":[{"url":"contextCode","valueCodeableConcept":{"coding":[{"system":"http://snomed.info/sct","code":"305351004","display":"Admission to Intensive Care Unit"}]}},{"url":"offset","valueRange":{"low":{"value":0,"unit":"hours","system":"http://unitsofmeasure.org","code":"h"},"high":{"value":24,"unit":"hours","system":"http://unitsofmeasure.org","code":"h"}}}],"url":"https://www.netzwerk-universitaetsmedizin.de/fhir/cpg-on-ebm-on-fhir/StructureDefinition/relative-time"},{"url":"http://hl7.org/fhir/uv/cpg/StructureDefinition/cpg-knowledgeCapability","valueCode":"computable"},{"url":"http://hl7.org/fhir/uv/cpg/StructureDefinition/cpg-knowledgeRepresentationLevel","valueCode":"structured"}],"url":"https://www.netzwerk-universitaetsmedizin.de/fhir/codex-celida/guideline/DIVI-DigiQIs/recommended-action/first-mobilization-within-24hours","version":"7.0","name":"FirstMobilizationWithin24hours","title":"First Mobilization within 24 hours","status":"active","experimental":true,"subjectCodeableConcept":{"coding":[{"system":"http://hl7.org/fhir/fhir-types","code":"Patient"}]},"date":"2024-08-12T10:22:52+00:00","publisher":"NUM CODEX+ CELIDA","description":"First Mobilization occurs within 24 hours after Admission to Intensive Care.","kind":"ServiceRequest","code":{"coding":[{"system":"http://snomed.info/sct","code":"74923002","display":"Mobilization"}]}}