{"resourceType":"ActivityDefinition","id":"DailyMultiprofessionalWardRoundsAction","meta":{"profile":["https://www.netzwerk-universitaetsmedizin.de/fhir/cpg-on-ebm-on-fhir/StructureDefinition/recommendation-action"]},"extension":[{"url":"http://hl7.org/fhir/uv/cpg/StructureDefinition/cpg-knowledgeCapability","valueCode":"computable"},{"url":"http://hl7.org/fhir/uv/cpg/StructureDefinition/cpg-knowledgeRepresentationLevel","valueCode":"structured"}],"url":"https://www.netzwerk-universitaetsmedizin.de/fhir/codex-celida/guideline/DIVI-DigiQIs/recommended-action/daily-ward-rounds","version":"7.0","name":"DailyMultiprofessionalWardRoundsAction","title":"Daily multiprofessional ward rounds","status":"active","experimental":true,"subjectCodeableConcept":{"coding":[{"system":"http://hl7.org/fhir/fhir-types","code":"Patient"}]},"date":"2024-08-12T10:22:52+00:00","publisher":"NUM CODEX+ CELIDA","description":"Every Intensive Care Patient is visited daily in multiprofessional ward rounds led by an intensive care specialist.","kind":"Task","code":{"coding":[{"system":"http://divi.de/forschung/sektionsgruppen/qualitaetsverbesserung-und-informationstechnologie/informationstechnologie-und-medizintechnik","code":"VISITE-FA-ZB-ITS","display":"Multidisciplinary ward round led by an intensive care specialist"}]},"timingTiming":{"repeat":{"frequency":1,"period":1,"periodUnit":"d"}}}