{"resourceType":"ActivityDefinition","id":"DailyAssessmentAntibioticFocus","meta":{"profile":["https://www.netzwerk-universitaetsmedizin.de/fhir/cpg-on-ebm-on-fhir/StructureDefinition/recommendation-action"]},"extension":[{"url":"http://hl7.org/fhir/uv/cpg/StructureDefinition/cpg-knowledgeCapability","valueCode":"computable"},{"url":"http://hl7.org/fhir/uv/cpg/StructureDefinition/cpg-knowledgeRepresentationLevel","valueCode":"structured"}],"url":"https://www.netzwerk-universitaetsmedizin.de/fhir/codex-celida/guideline/DIVI-DigiQIs/recommended-action/daily-assessment-antibiotic-focus","version":"7.0","name":"DailyAssessmentAntibioticFocus","title":"Daily Assessment of the Focus for Antibiotics","status":"active","experimental":true,"subjectCodeableConcept":{"coding":[{"system":"http://hl7.org/fhir/fhir-types","code":"Patient"}]},"date":"2024-08-12T10:22:52+00:00","publisher":"NUM CODEX+ CELIDA","description":"All Antibiotics are daily re-evaluated for the Focus for each Antibiotic.","kind":"Task","code":{"coding":[{"system":"http://snomed.info/sct","code":"272737002","display":"Site of"}]},"timingTiming":{"repeat":{"frequency":1,"period":1,"periodUnit":"d"}}}