{"resourceType":"ActivityDefinition","id":"DailyWeaningAssessments","meta":{"profile":["https://www.netzwerk-universitaetsmedizin.de/fhir/cpg-on-ebm-on-fhir/StructureDefinition/recommendation-action"]},"extension":[{"url":"http://hl7.org/fhir/uv/cpg/StructureDefinition/cpg-knowledgeCapability","valueCode":"computable"},{"url":"http://hl7.org/fhir/uv/cpg/StructureDefinition/cpg-knowledgeRepresentationLevel","valueCode":"structured"}],"url":"https://www.netzwerk-universitaetsmedizin.de/fhir/codex-celida/guideline/DIVI-DigiQIs/recommended-action/daily-weaning-assessments","version":"7.0","name":"DailyWeaningAssessments","title":"Daily Assessments of Readiness-to-wean from mechanical ventilation","status":"active","experimental":true,"subjectCodeableConcept":{"coding":[{"system":"http://hl7.org/fhir/fhir-types","code":"Patient"}]},"date":"2024-08-12T10:22:52+00:00","publisher":"NUM CODEX+ CELIDA","description":"Readiness-to-wean from mechanical ventilation is assessed periodically every day.","kind":"Task","code":{"coding":[{"system":"http://divi.de/forschung/sektionsgruppen/qualitaetsverbesserung-und-informationstechnologie/informationstechnologie-und-medizintechnik","code":"EVAL-VENT-WEAN","display":"Assessment of Readiness-to-wean from mechanical ventilation"}]},"timingTiming":{"repeat":{"frequency":1,"period":1,"periodUnit":"d"}}}