{"resourceType":"EvidenceVariable","id":"IntensiveCarePatients-InvasiveVentilation-NoHomeVentilation","meta":{"profile":["https://www.netzwerk-universitaetsmedizin.de/fhir/cpg-on-ebm-on-fhir/StructureDefinition/recommendation-eligibility-criteria"]},"url":"https://www.netzwerk-universitaetsmedizin.de/fhir/codex-celida/guideline/DIVI-DigiQIs/population/intensive-care-patients_invasive-ventilation_no-home-ventilation","name":"Population_IntensiveCarePatients_InvasiveVentilation_NoHomeVentilation","title":"Population: Intensive Care Patients with Invasive Ventilation and no Home Ventilation","status":"active","date":"2024-08-12T10:22:52+00:00","description":"Intensive Care Patients with Invasive Ventilation and no Home Ventilation","characteristic":[{"exclude":false,"definitionByTypeAndValue":{"type":{"coding":[{"system":"http://snomed.info/sct","code":"71388002","display":"Procedure (procedure)"}]},"valueCodeableConcept":{"coding":[{"system":"http://snomed.info/sct","code":"133903000","display":"Care of Intensive Care Unit Patient"}]}}},{"exclude":false,"definitionByTypeAndValue":{"type":{"coding":[{"system":"http://snomed.info/sct","code":"71388002","display":"Procedure (procedure)"}]},"valueCodeableConcept":{"coding":[{"system":"http://snomed.info/sct","code":"1258985005","display":"Invasive mechanical ventilation"}]}}},{"exclude":true,"definitionByTypeAndValue":{"type":{"coding":[{"system":"http://snomed.info/sct","code":"404684003","display":"Clinical finding (finding)"}]},"valueCodeableConcept":{"coding":[{"system":"http://snomed.info/sct","code":"60631000119109","display":"Dependence on home ventilator"}]}},"timeFromEvent":[{"eventCodeableConcept":{"coding":[{"system":"http://snomed.info/sct","code":"305351004","display":"Admission to Intensive Care Unit"}]},"range":{"high":{"value":0,"unit":"day","system":"http://unitsofmeasure.org","code":"d"}}}]}]}