{"resourceType":"EvidenceVariable","id":"IntensiveCarePatients-ClinicallyFed-NoAdipositas","meta":{"profile":["https://www.netzwerk-universitaetsmedizin.de/fhir/cpg-on-ebm-on-fhir/StructureDefinition/recommendation-eligibility-criteria"]},"url":"https://www.netzwerk-universitaetsmedizin.de/fhir/codex-celida/guideline/DIVI-DigiQIs/population/intensive-care-patients_clinically-fed_no-adipositas","name":"Population_IntensiveCarePatients_ClinicallyFed_NoAdipositas","title":"Population: Intensive Care Patients that are clinically fed and have no Adipositas","status":"active","date":"2024-08-12T10:22:52+00:00","description":"Intensive Care Patients that are clinically fed and have no Adipositas","characteristic":[{"exclude":false,"definitionByTypeAndValue":{"type":{"coding":[{"system":"http://snomed.info/sct","code":"71388002","display":"Procedure (procedure)"}]},"valueCodeableConcept":{"coding":[{"system":"http://snomed.info/sct","code":"133903000","display":"Care of Intensive Care Unit Patient"}]}}},{"exclude":false,"definitionByTypeAndValue":{"type":{"coding":[{"system":"http://snomed.info/sct","code":"71388002","display":"Procedure (procedure)"}]},"valueCodeableConcept":{"coding":[{"system":"http://snomed.info/sct","code":"75118006","display":"Feeding Patient"}]}}},{"exclude":false,"definitionByTypeAndValue":{"type":{"coding":[{"system":"http://loinc.org","code":"39156-5","display":"Body Mass Index (BMI) [Ratio]"}]},"valueRange":{"low":{"value":0,"unit":"kg/m2","system":"http://unitsofmeasure.org","code":"kg/m2"},"high":{"value":29.999999999,"unit":"kg/m2","system":"http://unitsofmeasure.org","code":"kg/m2"}}}},{"exclude":true,"definitionByTypeAndValue":{"type":{"coding":[{"system":"http://snomed.info/sct","code":"103306004","display":"Contraindication to"}]},"valueCodeableConcept":{"coding":[{"system":"http://snomed.info/sct","code":"229912004","display":"Enteral Feeding"}]}}}]}