{"resourceType":"EvidenceVariable","id":"IntensiveCarePatients-SevereARDS-InvasiveVentilation-FiO2-30to39","meta":{"profile":["https://www.netzwerk-universitaetsmedizin.de/fhir/cpg-on-ebm-on-fhir/StructureDefinition/recommendation-eligibility-criteria"]},"url":"https://www.netzwerk-universitaetsmedizin.de/fhir/codex-celida/guideline/DIVI-DigiQIs/population/intensive-care-patients_severe-ards_invasive-ventilation_FiO2-30to39","name":"Population_IntensiveCarePatients_SevereARDS_InvasiveVentilation_FiO2_30to39","title":"Population: Intensive Care Patients with Severe ARDS and Invasive Ventilation with FiO2=0.30-0.39","status":"active","date":"2024-08-12T10:22:52+00:00","description":"Intensive Care Patients with Severe ARDS and Invasive Ventilation with FiO2=0.30-0.39","characteristic":[{"exclude":false,"definitionByTypeAndValue":{"type":{"coding":[{"system":"http://snomed.info/sct","code":"71388002","display":"Procedure (procedure)"}]},"valueCodeableConcept":{"coding":[{"system":"http://snomed.info/sct","code":"133903000","display":"Care of Intensive Care Unit Patient"}]}}},{"exclude":false,"definitionByTypeAndValue":{"type":{"coding":[{"system":"http://snomed.info/sct","code":"71388002","display":"Procedure (procedure)"}]},"valueCodeableConcept":{"coding":[{"system":"http://snomed.info/sct","code":"1258985005","display":"Invasive mechanical ventilation"}]}}},{"exclude":false,"definitionByTypeAndValue":{"type":{"coding":[{"system":"http://snomed.info/sct","code":"404684003","display":"Clinical finding (finding)"}]},"valueCodeableConcept":{"coding":[{"system":"http://snomed.info/sct","code":"67782005","display":"Acute Respiratory Distress Syndrome"}]}}},{"exclude":false,"definitionByTypeAndValue":{"type":{"coding":[{"system":"http://loinc.org","code":"50984-4","display":"Horowitz Index in Arterial Blood"}]},"valueRange":{"low":{"value":0,"unit":"mm[Hg]","system":"http://unitsofmeasure.org","code":"mm[Hg]"},"high":{"value":99.999999999,"unit":"mm[Hg]","system":"http://unitsofmeasure.org","code":"mm[Hg]"}}}},{"exclude":false,"definitionByTypeAndValue":{"type":{"coding":[{"system":"http://loinc.org","code":"3150-0","display":"Inhaled oxygen concentration"}]},"valueRange":{"low":{"value":30,"unit":"%","system":"http://unitsofmeasure.org","code":"%"},"high":{"value":39.999999999,"unit":"%","system":"http://unitsofmeasure.org","code":"%"}}}}]}