{"resourceType":"EvidenceVariable","id":"IntensiveCarePatients-InvasiveDevice","meta":{"profile":["https://www.netzwerk-universitaetsmedizin.de/fhir/cpg-on-ebm-on-fhir/StructureDefinition/recommendation-eligibility-criteria"]},"url":"https://www.netzwerk-universitaetsmedizin.de/fhir/codex-celida/guideline/DIVI-DigiQIs/population/intensive-care-patients_invasive-device","name":"Population_IntensiveCarePatients_InvasiveDevice","title":"Population: Intensive Care Patients with at least one invasive device","status":"active","date":"2024-08-12T10:22:52+00:00","description":"Intensive Care Patients with at least one invasive device","characteristic":[{"exclude":false,"definitionByTypeAndValue":{"type":{"coding":[{"system":"http://snomed.info/sct","code":"71388002","display":"Procedure (procedure)"}]},"valueCodeableConcept":{"coding":[{"system":"http://snomed.info/sct","code":"133903000","display":"Care of Intensive Care Unit Patient"}]}}},{"exclude":false,"definitionByTypeAndValue":{"type":{"coding":[{"system":"http://snomed.info/sct","code":"49062001","display":"Device (physical object)"}]},"valueCodeableConcept":{"coding":[{"system":"http://snomed.info/sct","code":"19923001","display":"Catheter"}]}}}]}