{"resourceType":"EvidenceVariable","id":"IntensiveCarePatients-IntensiveCareLongerThanThreeDays","meta":{"profile":["https://www.netzwerk-universitaetsmedizin.de/fhir/cpg-on-ebm-on-fhir/StructureDefinition/recommendation-eligibility-criteria"]},"url":"https://www.netzwerk-universitaetsmedizin.de/fhir/codex-celida/guideline/DIVI-DigiQIs/population/intensive-care-patients_intensive-care-longer-than-three-days","name":"Population_IntensiveCarePatients_IntensiveCareLongerThanThreeDays","title":"Population: Intensive Care Patients with Intensive Care Treatment Longer Than Three Days","status":"active","date":"2024-08-12T10:22:52+00:00","description":"Intensive Care Patients with Intensive Care Treatment Longer Than Three Days","characteristic":[{"exclude":false,"definitionByTypeAndValue":{"type":{"coding":[{"system":"http://snomed.info/sct","code":"71388002","display":"Procedure (procedure)"}]},"valueCodeableConcept":{"coding":[{"system":"http://snomed.info/sct","code":"133903000","display":"Care of Intensive Care Unit Patient"}]}},"durationRange":{"low":{"value":72.000000001,"unit":"hour","system":"http://unitsofmeasure.org","code":"h"}}},{"exclude":false,"definitionByTypeAndValue":{"type":{"coding":[{"system":"http://snomed.info/sct","code":"71388002","display":"Procedure (procedure)"}]},"valueCodeableConcept":{"coding":[{"system":"http://snomed.info/sct","code":"133903000","display":"Care of Intensive Care Unit Patient"}]}},"timeFromEvent":[{"eventCodeableConcept":{"coding":[{"system":"http://snomed.info/sct","code":"305351004","display":"Admission to Intensive Care Unit"}]},"range":{"low":{"value":72.000000001,"unit":"hour","system":"http://unitsofmeasure.org","code":"h"}}}]}]}