{"resourceType":"PlanDefinition","id":"PenumoniaVentilatedPatientRatio","meta":{"profile":["https://www.netzwerk-universitaetsmedizin.de/fhir/cpg-on-ebm-on-fhir/StructureDefinition/recommendation-plan"]},"extension":[{"url":"http://hl7.org/fhir/uv/cpg/StructureDefinition/cpg-partOf","valueCanonical":"https://www.netzwerk-universitaetsmedizin.de/fhir/codex-celida/guideline/DIVI-DigiQIs/recommendation/DIVI-QualityIndicator-5"},{"extension":[{"url":"method","valueCodeableConcept":{"coding":[{"system":"https://www.netzwerk-universitaetsmedizin.de/fhir/cpg-on-ebm-on-fhir/CodeSystem/cs-action-combination-method","code":"all"}]}}],"url":"https://www.netzwerk-universitaetsmedizin.de/fhir/cpg-on-ebm-on-fhir/StructureDefinition/ext-action-combination-method"},{"url":"http://hl7.org/fhir/uv/cpg/StructureDefinition/cpg-knowledgeCapability","valueCode":"computable"},{"url":"http://hl7.org/fhir/uv/cpg/StructureDefinition/cpg-knowledgeRepresentationLevel","valueCode":"structured"}],"url":"https://www.netzwerk-universitaetsmedizin.de/fhir/codex-celida/guideline/DIVI-DigiQIs/intervention/pneumonia-ventilated-patients-ratio","version":"1.0","name":"Intervention_Pneumonia_VentilatedPatients_Ratio","title":"Pneumonia-per-Ventilated-Patients Ratio","type":{"coding":[{"system":"http://terminology.hl7.org/CodeSystem/plan-definition-type","code":"eca-rule"}]},"status":"active","subjectCanonical":"https://www.netzwerk-universitaetsmedizin.de/fhir/codex-celida/guideline/DIVI-DigiQIs/population/intensive-care-patients_invasive-ventilation","date":"2024-03-29","description":"The number of pneumonia cases per ventilated patients should be low.","goal":[{"id":"assessment-pneumonia-ventilated-patients-ratio","category":{"coding":[{"system":"http://snomed.info/sct","code":"74964007","display":"Other (qualifier value)"}]},"description":{"text":"The number of pneumonia cases per ventilated patients is at zero."},"target":[{"measure":{"coding":[{"system":"http://snomed.info/sct","code":"429271009","display":"Ventilator associated pneumonia"}]},"detailRange":{"low":{"value":0,"system":"http://unitsofmeasure.org"}},"due":{"value":1,"unit":"day","system":"http://unitsofmeasure.org","code":"d"}}]}],"action":[{"code":{"coding":[{"system":"http://snomed.info/sct","code":"386053000","display":"Evaluation procedure (procedure)"}]},"goalId":["assessment-pneumonia-ventilated-patients-ratio"]}]}