{"resourceType":"PlanDefinition","id":"DIVIQualityIndicator7","meta":{"profile":["https://www.netzwerk-universitaetsmedizin.de/fhir/cpg-on-ebm-on-fhir/StructureDefinition/recommendation"]},"extension":[{"extension":[{"url":"method","valueCodeableConcept":{"coding":[{"system":"https://www.netzwerk-universitaetsmedizin.de/fhir/cpg-on-ebm-on-fhir/CodeSystem/cs-action-combination-method","code":"all"}]}}],"url":"https://www.netzwerk-universitaetsmedizin.de/fhir/cpg-on-ebm-on-fhir/StructureDefinition/ext-action-combination-method"},{"url":"http://hl7.org/fhir/uv/cpg/StructureDefinition/cpg-knowledgeCapability","valueCode":"computable"},{"url":"http://hl7.org/fhir/uv/cpg/StructureDefinition/cpg-knowledgeRepresentationLevel","valueCode":"structured"}],"url":"https://www.netzwerk-universitaetsmedizin.de/fhir/codex-celida/guideline/DIVI-DigiQIs/recommendation/DIVI-QualityIndicator-7","version":"1.0","name":"DiVI_QualityIndicator_7","title":"DIVI Quality Indicator 7","type":{"coding":[{"system":"http://terminology.hl7.org/CodeSystem/plan-definition-type","code":"workflow-definition"}]},"status":"active","experimental":true,"date":"2024-03-29","publisher":"Deutsche Interdisziplinäre Vereinigung für Intensiv- und Notfallmedizin (DIVI)","description":"DIVI Quality Indicator 7: Patient-adapted Clinical Nutrition","action":[{"title":"DIVI Quality Indicator 7a: Early Enteral Feeding","description":"All Intensive Care Patients for which a sufficient oral nutrition is not expected on day one should be started on enteral feeding within 24 hours.","code":{"coding":[{"system":"http://hl7.org/fhir/uv/cpg/CodeSystem/cpg-common-process","code":"guideline-based-care"}]},"definitionCanonical":"https://www.netzwerk-universitaetsmedizin.de/fhir/codex-celida/guideline/DIVI-DigiQIs/intervention/early-enteral-feeding"},{"title":"DIVI Quality Indicator 7b: Sufficient Feeding in Non-Adipose Patients","description":"Every day, all Non-Adipose Intensive Care Patients should receive the amount of Calories that match their daily individual requirements.","code":{"coding":[{"system":"http://hl7.org/fhir/uv/cpg/CodeSystem/cpg-common-process","code":"guideline-based-care"}]},"definitionCanonical":"https://www.netzwerk-universitaetsmedizin.de/fhir/codex-celida/guideline/DIVI-DigiQIs/intervention/sufficient-feeding"}]}