{"resourceType":"PlanDefinition","id":"DIVIQualityIndicator8","meta":{"profile":["https://www.netzwerk-universitaetsmedizin.de/fhir/cpg-on-ebm-on-fhir/StructureDefinition/recommendation"]},"extension":[{"extension":[{"url":"method","valueCodeableConcept":{"coding":[{"system":"https://www.netzwerk-universitaetsmedizin.de/fhir/cpg-on-ebm-on-fhir/CodeSystem/cs-action-combination-method","code":"all"}]}}],"url":"https://www.netzwerk-universitaetsmedizin.de/fhir/cpg-on-ebm-on-fhir/StructureDefinition/ext-action-combination-method"},{"url":"http://hl7.org/fhir/uv/cpg/StructureDefinition/cpg-knowledgeCapability","valueCode":"computable"},{"url":"http://hl7.org/fhir/uv/cpg/StructureDefinition/cpg-knowledgeRepresentationLevel","valueCode":"structured"}],"url":"https://www.netzwerk-universitaetsmedizin.de/fhir/codex-celida/guideline/DIVI-DigiQIs/recommendation/DIVI-QualityIndicator-8","version":"1.0","name":"DiVI_QualityIndicator_8","title":"DIVI Quality Indicator 8","type":{"coding":[{"system":"http://terminology.hl7.org/CodeSystem/plan-definition-type","code":"workflow-definition"}]},"status":"active","experimental":true,"date":"2024-03-29","publisher":"Deutsche Interdisziplinäre Vereinigung für Intensiv- und Notfallmedizin (DIVI)","description":"DIVI Quality Indicator 8: Structured Communication with Patients and Relatives","action":[{"title":"DIVI Quality Indicator 8a: Inital Structured Communication with Patients and/or Relatives","description":"For all Intensive Care Patients, an initial structured communication with the Patients and/or their Relatives should take place within 72 hours of Admission to Intensive Care.","code":{"coding":[{"system":"http://hl7.org/fhir/uv/cpg/CodeSystem/cpg-common-process","code":"guideline-based-care"}]},"definitionCanonical":"https://www.netzwerk-universitaetsmedizin.de/fhir/codex-celida/guideline/DIVI-DigiQIs/intervention/initial-communication_patients-relatives"},{"title":"DIVI Quality Indicator 8b: Periodic Structured Communication with Patients and/or Relatives","description":"For all Intensive Care Patients, at least one structured communication with the Patients and/or their Relatives should take place every week.","code":{"coding":[{"system":"http://hl7.org/fhir/uv/cpg/CodeSystem/cpg-common-process","code":"guideline-based-care"}]},"definitionCanonical":"https://www.netzwerk-universitaetsmedizin.de/fhir/codex-celida/guideline/DIVI-DigiQIs/intervention/periodic-communication_patients-relatives"}]}