{"resourceType":"PlanDefinition","id":"DIVIQualityIndicator2","meta":{"profile":["https://www.netzwerk-universitaetsmedizin.de/fhir/cpg-on-ebm-on-fhir/StructureDefinition/recommendation"]},"extension":[{"extension":[{"url":"method","valueCodeableConcept":{"coding":[{"system":"https://www.netzwerk-universitaetsmedizin.de/fhir/cpg-on-ebm-on-fhir/CodeSystem/cs-action-combination-method","code":"all"}]}}],"url":"https://www.netzwerk-universitaetsmedizin.de/fhir/cpg-on-ebm-on-fhir/StructureDefinition/ext-action-combination-method"},{"url":"http://hl7.org/fhir/uv/cpg/StructureDefinition/cpg-knowledgeCapability","valueCode":"computable"},{"url":"http://hl7.org/fhir/uv/cpg/StructureDefinition/cpg-knowledgeRepresentationLevel","valueCode":"structured"}],"url":"https://www.netzwerk-universitaetsmedizin.de/fhir/codex-celida/guideline/DIVI-DigiQIs/recommendation/DIVI-QualityIndicator-2","version":"1.0","name":"DiVI_QualityIndicator_2","title":"DIVI Quality Indicator 2","type":{"coding":[{"system":"http://terminology.hl7.org/CodeSystem/plan-definition-type","code":"workflow-definition"}]},"status":"active","experimental":true,"date":"2024-03-29","publisher":"Deutsche Interdisziplinäre Vereinigung für Intensiv- und Notfallmedizin (DIVI)","description":"DIVI Quality Indicator 2: Management of Sedation, Analgesia and Delirium","action":[{"title":"DIVI Quality Indicator 2a: Periodic Assessment of Sedation, Analgesia and Delirium in all Intensive Care Patients","description":"Sedation Level, Analgesia Level and Delirium Status should be assessed at least once in each shift (time-slots 6-14, 14-22, 22-6) in all Intensive Care Patients.","code":{"coding":[{"system":"http://hl7.org/fhir/uv/cpg/CodeSystem/cpg-common-process","code":"guideline-based-care"}]},"definitionCanonical":"https://www.netzwerk-universitaetsmedizin.de/fhir/codex-celida/guideline/DIVI-DigiQIs/intervention/periodic-assessment_sedation_analgesia_delirium"},{"title":"DIVI Quality Indicator 2b: Sedation Level, Analgesia Level, Delirium Status","description":"Sedation Level, Analgesia Level and Delirium Status should be in acceptable ranges in all Intensive Care Patients.","code":{"coding":[{"system":"http://hl7.org/fhir/uv/cpg/CodeSystem/cpg-common-process","code":"guideline-based-care"}]},"definitionCanonical":"https://www.netzwerk-universitaetsmedizin.de/fhir/codex-celida/guideline/DIVI-DigiQIs/intervention/Sedation-Level_Analgesia-Level_Delirium-Status_In-Acceptable-Ranges"}]}