{"resourceType":"PlanDefinition","id":"DrivingPressureLimitation","meta":{"profile":["https://www.netzwerk-universitaetsmedizin.de/fhir/cpg-on-ebm-on-fhir/StructureDefinition/recommendation-plan"]},"extension":[{"url":"http://hl7.org/fhir/uv/cpg/StructureDefinition/cpg-partOf","valueCanonical":"https://www.netzwerk-universitaetsmedizin.de/fhir/codex-celida/guideline/DIVI-DigiQIs/recommendation/DIVI-QualityIndicator-3"},{"extension":[{"url":"method","valueCodeableConcept":{"coding":[{"system":"https://www.netzwerk-universitaetsmedizin.de/fhir/cpg-on-ebm-on-fhir/CodeSystem/cs-action-combination-method","code":"all"}]}}],"url":"https://www.netzwerk-universitaetsmedizin.de/fhir/cpg-on-ebm-on-fhir/StructureDefinition/ext-action-combination-method"},{"url":"http://hl7.org/fhir/uv/cpg/StructureDefinition/cpg-knowledgeCapability","valueCode":"computable"},{"url":"http://hl7.org/fhir/uv/cpg/StructureDefinition/cpg-knowledgeRepresentationLevel","valueCode":"structured"}],"url":"https://www.netzwerk-universitaetsmedizin.de/fhir/codex-celida/guideline/DIVI-DigiQIs/intervention/driving-pressure_limitation","version":"1.0","name":"Intervention_DrivingPressure_Limitation","title":"Driving Pressure Limitation","type":{"coding":[{"system":"http://terminology.hl7.org/CodeSystem/plan-definition-type","code":"eca-rule"}]},"status":"active","subjectCanonical":"https://www.netzwerk-universitaetsmedizin.de/fhir/codex-celida/guideline/DIVI-DigiQIs/population/intensive-care-patients_severe-ards_invasive-ventilation","date":"2024-03-29","description":"Driving Pressure should be limited to a maximum of 15 cmH2O in all invasive ventilated ICU patients with severe ARDS.","goal":[{"id":"driving-pressure-goal","category":{"coding":[{"system":"http://snomed.info/sct","code":"385857005","display":"Ventilator care and adjustment (regime/therapy)"}]},"description":{"text":"Driving pressure should be limited to a maximum of 15 cmH2O."},"target":[{"measure":{"coding":[{"system":"http://loinc.org","code":"76154-4","display":"Airway pressure delta --on ventilator"}]},"detailRange":{"high":{"value":15,"unit":"cm[H2O]","system":"http://unitsofmeasure.org","code":"cm[H2O]"}}}]}],"action":[{"code":{"coding":[{"system":"http://snomed.info/sct","code":"410210009","display":"Ventilator care management (procedure)"}]},"goalId":["driving-pressure-goal"]}]}