{"resourceType":"PlanDefinition","id":"DIVIQualityIndicator5","meta":{"profile":["https://www.netzwerk-universitaetsmedizin.de/fhir/cpg-on-ebm-on-fhir/StructureDefinition/recommendation"]},"extension":[{"extension":[{"url":"method","valueCodeableConcept":{"coding":[{"system":"https://www.netzwerk-universitaetsmedizin.de/fhir/cpg-on-ebm-on-fhir/CodeSystem/cs-action-combination-method","code":"all"}]}}],"url":"https://www.netzwerk-universitaetsmedizin.de/fhir/cpg-on-ebm-on-fhir/StructureDefinition/ext-action-combination-method"},{"url":"http://hl7.org/fhir/uv/cpg/StructureDefinition/cpg-knowledgeCapability","valueCode":"computable"},{"url":"http://hl7.org/fhir/uv/cpg/StructureDefinition/cpg-knowledgeRepresentationLevel","valueCode":"structured"}],"url":"https://www.netzwerk-universitaetsmedizin.de/fhir/codex-celida/guideline/DIVI-DigiQIs/recommendation/DIVI-QualityIndicator-5","version":"1.0","name":"DiVI_QualityIndicator_5","title":"DIVI Quality Indicator 5","type":{"coding":[{"system":"http://terminology.hl7.org/CodeSystem/plan-definition-type","code":"workflow-definition"}]},"status":"active","experimental":true,"date":"2024-03-29","publisher":"Deutsche Interdisziplinäre Vereinigung für Intensiv- und Notfallmedizin (DIVI)","description":"DIVI Quality Indicator 5: Infection Prevention","action":[{"title":"DIVI Quality Indicator 5a: Stop Orders for Invasive Devices","description":"All Intensive Care Patients with invasive devices should have a daily re-evaluation regarding the necessity of each device.","code":{"coding":[{"system":"http://hl7.org/fhir/uv/cpg/CodeSystem/cpg-common-process","code":"guideline-based-care"}]},"definitionCanonical":"https://www.netzwerk-universitaetsmedizin.de/fhir/codex-celida/guideline/DIVI-DigiQIs/intervention/stop-orders_invasive-devices"},{"title":"DIVI Quality Indicator 5b: Hand Disinfectant Consumption","description":"The consumption of hand disinfectant should be more than 80 litres per 1000 days.","code":{"coding":[{"system":"http://hl7.org/fhir/uv/cpg/CodeSystem/cpg-common-process","code":"guideline-based-care"}]},"definitionCanonical":"https://www.netzwerk-universitaetsmedizin.de/fhir/codex-celida/guideline/DIVI-DigiQIs/intervention/hand-disinfectant_consumption"},{"title":"DIVI Quality Indicator 5c: Infection-per-Device Ratio","description":"The number of infections per invasive devices should be low.","code":{"coding":[{"system":"http://hl7.org/fhir/uv/cpg/CodeSystem/cpg-common-process","code":"guideline-based-care"}]},"definitionCanonical":"https://www.netzwerk-universitaetsmedizin.de/fhir/codex-celida/guideline/DIVI-DigiQIs/intervention/infection-device-ratio"},{"title":"DIVI Quality Indicator 5d: Pneumonia-per-Ventilated-Patients Ratio","description":"The number of pneumonia cases per ventilated patients should be low.","code":{"coding":[{"system":"http://hl7.org/fhir/uv/cpg/CodeSystem/cpg-common-process","code":"guideline-based-care"}]},"definitionCanonical":"https://www.netzwerk-universitaetsmedizin.de/fhir/codex-celida/guideline/DIVI-DigiQIs/intervention/pneumonia-ventilated-patients-ratio"}]}