{
  "resourceType" : "ActivityDefinition",
  "id" : "DailyWeaningAssessments",
  "meta" : {
    "profile" : ["https://www.netzwerk-universitaetsmedizin.de/fhir/cpg-on-ebm-on-fhir/StructureDefinition/recommendation-action"]
  },
  "text" : {
    "status" : "generated",
    "div" : "<div xmlns=\"http://www.w3.org/1999/xhtml\"><p class=\"res-header-id\"><b>Generated Narrative: ActivityDefinition DailyWeaningAssessments</b></p><a name=\"DailyWeaningAssessments\"> </a><a name=\"hcDailyWeaningAssessments\"> </a><a name=\"DailyWeaningAssessments-en-US\"> </a><p><b>url</b>: <a href=\"ActivityDefinition-DailyWeaningAssessments.html\">ActivityDefinition Daily Assessments of Readiness-to-wean from mechanical ventilation</a></p><p><b>version</b>: 7.0</p><p><b>name</b>: DailyWeaningAssessments</p><p><b>title</b>: Daily Assessments of Readiness-to-wean from mechanical ventilation</p><p><b>status</b>: Active</p><p><b>experimental</b>: true</p><p><b>subject</b>: <span title=\"Codes:{http://hl7.org/fhir/fhir-types Patient}\">Patient</span></p><p><b>date</b>: 2024-08-12 10:22:52+0000</p><p><b>publisher</b>: NUM CODEX+ CELIDA</p><p><b>description</b>: </p><div><p>Readiness-to-wean from mechanical ventilation is assessed periodically every day.</p>\n</div><p><b>kind</b>: Task</p><p><b>code</b>: <span title=\"Codes:{http://divi.de/forschung/sektionsgruppen/qualitaetsverbesserung-und-informationstechnologie/informationstechnologie-und-medizintechnik EVAL-VENT-WEAN}\">Assessment of Readiness-to-wean from mechanical ventilation</span></p><p><b>timing</b>: Once per1 days</p></div>"
  },
  "extension" : [{
    "url" : "http://hl7.org/fhir/uv/cpg/StructureDefinition/cpg-knowledgeCapability",
    "valueCode" : "computable"
  },
  {
    "url" : "http://hl7.org/fhir/uv/cpg/StructureDefinition/cpg-knowledgeRepresentationLevel",
    "valueCode" : "structured"
  }],
  "url" : "https://www.netzwerk-universitaetsmedizin.de/fhir/codex-celida/guideline/DIVI-DigiQIs/recommended-action/daily-weaning-assessments",
  "version" : "7.0",
  "name" : "DailyWeaningAssessments",
  "title" : "Daily Assessments of Readiness-to-wean from mechanical ventilation",
  "status" : "active",
  "experimental" : true,
  "subjectCodeableConcept" : {
    "coding" : [{
      "system" : "http://hl7.org/fhir/fhir-types",
      "code" : "Patient"
    }]
  },
  "date" : "2024-08-12T10:22:52+00:00",
  "publisher" : "NUM CODEX+ CELIDA",
  "description" : "Readiness-to-wean from mechanical ventilation is assessed periodically every day.",
  "kind" : "Task",
  "code" : {
    "coding" : [{
      "system" : "http://divi.de/forschung/sektionsgruppen/qualitaetsverbesserung-und-informationstechnologie/informationstechnologie-und-medizintechnik",
      "code" : "EVAL-VENT-WEAN",
      "display" : "Assessment of Readiness-to-wean from mechanical ventilation"
    }]
  },
  "timingTiming" : {
    "repeat" : {
      "frequency" : 1,
      "period" : 1,
      "periodUnit" : "d"
    }
  }
}