{
  "resourceType" : "ActivityDefinition",
  "id" : "FirstMobilizationWithin24hours",
  "meta" : {
    "profile" : ["https://www.netzwerk-universitaetsmedizin.de/fhir/cpg-on-ebm-on-fhir/StructureDefinition/recommendation-action"]
  },
  "text" : {
    "status" : "generated",
    "div" : "<div xmlns=\"http://www.w3.org/1999/xhtml\"><p class=\"res-header-id\"><b>Generated Narrative: ActivityDefinition FirstMobilizationWithin24hours</b></p><a name=\"FirstMobilizationWithin24hours\"> </a><a name=\"hcFirstMobilizationWithin24hours\"> </a><a name=\"FirstMobilizationWithin24hours-en-US\"> </a><p><b>url</b>: <a href=\"ActivityDefinition-FirstMobilizationWithin24hours.html\">ActivityDefinition First Mobilization within 24 hours</a></p><p><b>version</b>: 7.0</p><p><b>name</b>: FirstMobilizationWithin24hours</p><p><b>title</b>: First Mobilization within 24 hours</p><p><b>status</b>: Active</p><p><b>experimental</b>: true</p><p><b>subject</b>: <span title=\"Codes:{http://hl7.org/fhir/fhir-types Patient}\">Patient</span></p><p><b>date</b>: 2024-08-12 10:22:52+0000</p><p><b>publisher</b>: NUM CODEX+ CELIDA</p><p><b>description</b>: </p><div><p>First Mobilization occurs within 24 hours after Admission to Intensive Care.</p>\n</div><p><b>kind</b>: ServiceRequest</p><p><b>code</b>: <span title=\"Codes:{http://snomed.info/sct 74923002}\">Mobilization</span></p></div>"
  },
  "extension" : [{
    "extension" : [{
      "url" : "contextCode",
      "valueCodeableConcept" : {
        "coding" : [{
          "system" : "http://snomed.info/sct",
          "code" : "305351004",
          "display" : "Admission to Intensive Care Unit"
        }]
      }
    },
    {
      "url" : "offset",
      "valueRange" : {
        "low" : {
          "value" : 0,
          "unit" : "hours",
          "system" : "http://unitsofmeasure.org",
          "code" : "h"
        },
        "high" : {
          "value" : 24,
          "unit" : "hours",
          "system" : "http://unitsofmeasure.org",
          "code" : "h"
        }
      }
    }],
    "url" : "https://www.netzwerk-universitaetsmedizin.de/fhir/cpg-on-ebm-on-fhir/StructureDefinition/relative-time"
  },
  {
    "url" : "http://hl7.org/fhir/uv/cpg/StructureDefinition/cpg-knowledgeCapability",
    "valueCode" : "computable"
  },
  {
    "url" : "http://hl7.org/fhir/uv/cpg/StructureDefinition/cpg-knowledgeRepresentationLevel",
    "valueCode" : "structured"
  }],
  "url" : "https://www.netzwerk-universitaetsmedizin.de/fhir/codex-celida/guideline/DIVI-DigiQIs/recommended-action/first-mobilization-within-24hours",
  "version" : "7.0",
  "name" : "FirstMobilizationWithin24hours",
  "title" : "First Mobilization within 24 hours",
  "status" : "active",
  "experimental" : true,
  "subjectCodeableConcept" : {
    "coding" : [{
      "system" : "http://hl7.org/fhir/fhir-types",
      "code" : "Patient"
    }]
  },
  "date" : "2024-08-12T10:22:52+00:00",
  "publisher" : "NUM CODEX+ CELIDA",
  "description" : "First Mobilization occurs within 24 hours after Admission to Intensive Care.",
  "kind" : "ServiceRequest",
  "code" : {
    "coding" : [{
      "system" : "http://snomed.info/sct",
      "code" : "74923002",
      "display" : "Mobilization"
    }]
  }
}