{
  "resourceType" : "EvidenceVariable",
  "id" : "IntensiveCarePatients-Antibiotic",
  "meta" : {
    "profile" : ["https://www.netzwerk-universitaetsmedizin.de/fhir/cpg-on-ebm-on-fhir/StructureDefinition/recommendation-eligibility-criteria"]
  },
  "text" : {
    "status" : "generated",
    "div" : "<div xmlns=\"http://www.w3.org/1999/xhtml\"><p class=\"res-header-id\"><b>Generated Narrative: EvidenceVariable IntensiveCarePatients-Antibiotic</b></p><a name=\"IntensiveCarePatients-Antibiotic\"> </a><a name=\"hcIntensiveCarePatients-Antibiotic\"> </a><a name=\"IntensiveCarePatients-Antibiotic-en-US\"> </a><p><b>url</b>: <a href=\"EvidenceVariable-IntensiveCarePatients-Antibiotic.html\">EvidenceVariable Population: Intensive Care Patients with at least one antibiotic</a></p><p><b>name</b>: Population_IntensiveCarePatients_Antibiotic</p><p><b>title</b>: Population: Intensive Care Patients with at least one antibiotic</p><p><b>status</b>: Active</p><p><b>date</b>: 2024-08-12 10:22:52+0000</p><p><b>description</b>: </p><div><p>Intensive Care Patients with at least one antibiotic</p>\n</div><blockquote><p><b>characteristic</b></p><p><b>exclude</b>: false</p><h3>DefinitionByTypeAndValues</h3><table class=\"grid\"><tr><td style=\"display: none\">-</td><td><b>Type</b></td><td><b>Value[x]</b></td></tr><tr><td style=\"display: none\">*</td><td><span title=\"Codes:{http://snomed.info/sct 71388002}\">Procedure (procedure)</span></td><td><span title=\"Codes:{http://snomed.info/sct 133903000}\">Care of Intensive Care Unit Patient</span></td></tr></table></blockquote><blockquote><p><b>characteristic</b></p><p><b>exclude</b>: false</p><h3>DefinitionByTypeAndValues</h3><table class=\"grid\"><tr><td style=\"display: none\">-</td><td><b>Type</b></td><td><b>Value[x]</b></td></tr><tr><td style=\"display: none\">*</td><td><span title=\"Codes:{http://snomed.info/sct 71388002}\">Procedure (procedure)</span></td><td><span title=\"Codes:{http://snomed.info/sct 281789004}\">Antibiotic therapy (procedure)</span></td></tr></table></blockquote></div>"
  },
  "url" : "https://www.netzwerk-universitaetsmedizin.de/fhir/codex-celida/guideline/DIVI-DigiQIs/population/intensive-care-patients_antibiotic",
  "name" : "Population_IntensiveCarePatients_Antibiotic",
  "title" : "Population: Intensive Care Patients with at least one antibiotic",
  "status" : "active",
  "date" : "2024-08-12T10:22:52+00:00",
  "description" : "Intensive Care Patients with at least one antibiotic",
  "characteristic" : [{
    "exclude" : false,
    "definitionByTypeAndValue" : {
      "type" : {
        "coding" : [{
          "system" : "http://snomed.info/sct",
          "code" : "71388002",
          "display" : "Procedure (procedure)"
        }]
      },
      "valueCodeableConcept" : {
        "coding" : [{
          "system" : "http://snomed.info/sct",
          "code" : "133903000",
          "display" : "Care of Intensive Care Unit Patient"
        }]
      }
    }
  },
  {
    "exclude" : false,
    "definitionByTypeAndValue" : {
      "type" : {
        "coding" : [{
          "system" : "http://snomed.info/sct",
          "code" : "71388002",
          "display" : "Procedure (procedure)"
        }]
      },
      "valueCodeableConcept" : {
        "coding" : [{
          "system" : "http://snomed.info/sct",
          "code" : "281789004",
          "display" : "Antibiotic therapy (procedure)"
        }]
      }
    }
  }]
}