{
  "resourceType" : "PlanDefinition",
  "id" : "DIVIQualityIndicator5",
  "meta" : {
    "profile" : ["https://www.netzwerk-universitaetsmedizin.de/fhir/cpg-on-ebm-on-fhir/StructureDefinition/recommendation"]
  },
  "text" : {
    "status" : "generated",
    "div" : "<div xmlns=\"http://www.w3.org/1999/xhtml\"><p class=\"res-header-id\"><b>Generated Narrative: PlanDefinition DIVIQualityIndicator5</b></p><a name=\"DIVIQualityIndicator5\"> </a><a name=\"hcDIVIQualityIndicator5\"> </a><a name=\"DIVIQualityIndicator5-en-US\"> </a><p><b>url</b>: <a href=\"PlanDefinition-DIVIQualityIndicator5.html\">PlanDefinition DIVI Quality Indicator 5</a></p><p><b>version</b>: 1.0</p><p><b>name</b>: DiVI_QualityIndicator_5</p><p><b>title</b>: DIVI Quality Indicator 5</p><p><b>type</b>: <span title=\"Codes:{http://terminology.hl7.org/CodeSystem/plan-definition-type workflow-definition}\">Workflow Definition</span></p><p><b>status</b>: Active</p><p><b>experimental</b>: true</p><p><b>date</b>: 2024-03-29</p><p><b>publisher</b>: Deutsche Interdisziplinäre Vereinigung für Intensiv- und Notfallmedizin (DIVI)</p><p><b>description</b>: </p><div><p>DIVI Quality Indicator 5: Infection Prevention</p>\n</div><blockquote><p><b>action</b></p><p><b>title</b>: DIVI Quality Indicator 5a: Stop Orders for Invasive Devices</p><p><b>description</b>: </p><div><p>All Intensive Care Patients with invasive devices should have a daily re-evaluation regarding the necessity of each device.</p>\n</div><p><b>code</b>: <span title=\"Codes:{http://hl7.org/fhir/uv/cpg/CodeSystem/cpg-common-process guideline-based-care}\">Guideline-based Care</span></p><p><b>definition</b>: <a href=\"PlanDefinition-StopOdersInvasiveDevices.html\">Stop Orders for Invasive Devices</a></p></blockquote><blockquote><p><b>action</b></p><p><b>title</b>: DIVI Quality Indicator 5b: Hand Disinfectant Consumption</p><p><b>description</b>: </p><div><p>The consumption of hand disinfectant should be more than 80 litres per 1000 days.</p>\n</div><p><b>code</b>: <span title=\"Codes:{http://hl7.org/fhir/uv/cpg/CodeSystem/cpg-common-process guideline-based-care}\">Guideline-based Care</span></p><p><b>definition</b>: <a href=\"PlanDefinition-HandDisinfectantConsumption.html\">Hand Disinfectant Consumption</a></p></blockquote><blockquote><p><b>action</b></p><p><b>title</b>: DIVI Quality Indicator 5c: Infection-per-Device Ratio</p><p><b>description</b>: </p><div><p>The number of infections per invasive devices should be low.</p>\n</div><p><b>code</b>: <span title=\"Codes:{http://hl7.org/fhir/uv/cpg/CodeSystem/cpg-common-process guideline-based-care}\">Guideline-based Care</span></p><p><b>definition</b>: <a href=\"PlanDefinition-InfectionDeviceRatio.html\">Infection-per-Device Ratio</a></p></blockquote><blockquote><p><b>action</b></p><p><b>title</b>: DIVI Quality Indicator 5d: Pneumonia-per-Ventilated-Patients Ratio</p><p><b>description</b>: </p><div><p>The number of pneumonia cases per ventilated patients should be low.</p>\n</div><p><b>code</b>: <span title=\"Codes:{http://hl7.org/fhir/uv/cpg/CodeSystem/cpg-common-process guideline-based-care}\">Guideline-based Care</span></p><p><b>definition</b>: <a href=\"PlanDefinition-PenumoniaVentilatedPatientRatio.html\">Pneumonia-per-Ventilated-Patients Ratio</a></p></blockquote></div>"
  },
  "extension" : [{
    "extension" : [{
      "url" : "method",
      "valueCodeableConcept" : {
        "coding" : [{
          "system" : "https://www.netzwerk-universitaetsmedizin.de/fhir/cpg-on-ebm-on-fhir/CodeSystem/cs-action-combination-method",
          "code" : "all"
        }]
      }
    }],
    "url" : "https://www.netzwerk-universitaetsmedizin.de/fhir/cpg-on-ebm-on-fhir/StructureDefinition/ext-action-combination-method"
  },
  {
    "url" : "http://hl7.org/fhir/uv/cpg/StructureDefinition/cpg-knowledgeCapability",
    "valueCode" : "computable"
  },
  {
    "url" : "http://hl7.org/fhir/uv/cpg/StructureDefinition/cpg-knowledgeRepresentationLevel",
    "valueCode" : "structured"
  }],
  "url" : "https://www.netzwerk-universitaetsmedizin.de/fhir/codex-celida/guideline/DIVI-DigiQIs/recommendation/DIVI-QualityIndicator-5",
  "version" : "1.0",
  "name" : "DiVI_QualityIndicator_5",
  "title" : "DIVI Quality Indicator 5",
  "type" : {
    "coding" : [{
      "system" : "http://terminology.hl7.org/CodeSystem/plan-definition-type",
      "code" : "workflow-definition"
    }]
  },
  "status" : "active",
  "experimental" : true,
  "date" : "2024-03-29",
  "publisher" : "Deutsche Interdisziplinäre Vereinigung für Intensiv- und Notfallmedizin (DIVI)",
  "description" : "DIVI Quality Indicator 5: Infection Prevention",
  "action" : [{
    "title" : "DIVI Quality Indicator 5a: Stop Orders for Invasive Devices",
    "description" : "All Intensive Care Patients with invasive devices should have a daily re-evaluation regarding the necessity of each device.",
    "code" : {
      "coding" : [{
        "system" : "http://hl7.org/fhir/uv/cpg/CodeSystem/cpg-common-process",
        "code" : "guideline-based-care"
      }]
    },
    "definitionCanonical" : "https://www.netzwerk-universitaetsmedizin.de/fhir/codex-celida/guideline/DIVI-DigiQIs/intervention/stop-orders_invasive-devices"
  },
  {
    "title" : "DIVI Quality Indicator 5b: Hand Disinfectant Consumption",
    "description" : "The consumption of hand disinfectant should be more than 80 litres per 1000 days.",
    "code" : {
      "coding" : [{
        "system" : "http://hl7.org/fhir/uv/cpg/CodeSystem/cpg-common-process",
        "code" : "guideline-based-care"
      }]
    },
    "definitionCanonical" : "https://www.netzwerk-universitaetsmedizin.de/fhir/codex-celida/guideline/DIVI-DigiQIs/intervention/hand-disinfectant_consumption"
  },
  {
    "title" : "DIVI Quality Indicator 5c: Infection-per-Device Ratio",
    "description" : "The number of infections per invasive devices should be low.",
    "code" : {
      "coding" : [{
        "system" : "http://hl7.org/fhir/uv/cpg/CodeSystem/cpg-common-process",
        "code" : "guideline-based-care"
      }]
    },
    "definitionCanonical" : "https://www.netzwerk-universitaetsmedizin.de/fhir/codex-celida/guideline/DIVI-DigiQIs/intervention/infection-device-ratio"
  },
  {
    "title" : "DIVI Quality Indicator 5d: Pneumonia-per-Ventilated-Patients Ratio",
    "description" : "The number of pneumonia cases per ventilated patients should be low.",
    "code" : {
      "coding" : [{
        "system" : "http://hl7.org/fhir/uv/cpg/CodeSystem/cpg-common-process",
        "code" : "guideline-based-care"
      }]
    },
    "definitionCanonical" : "https://www.netzwerk-universitaetsmedizin.de/fhir/codex-celida/guideline/DIVI-DigiQIs/intervention/pneumonia-ventilated-patients-ratio"
  }]
}