{
  "resourceType" : "PlanDefinition",
  "id" : "DIVIQualityIndicator4",
  "meta" : {
    "profile" : ["https://www.netzwerk-universitaetsmedizin.de/fhir/cpg-on-ebm-on-fhir/StructureDefinition/recommendation"]
  },
  "text" : {
    "status" : "generated",
    "div" : "<div xmlns=\"http://www.w3.org/1999/xhtml\"><p class=\"res-header-id\"><b>Generated Narrative: PlanDefinition DIVIQualityIndicator4</b></p><a name=\"DIVIQualityIndicator4\"> </a><a name=\"hcDIVIQualityIndicator4\"> </a><a name=\"DIVIQualityIndicator4-en-US\"> </a><p><b>url</b>: <a href=\"PlanDefinition-DIVIQualityIndicator4.html\">PlanDefinition DIVI Quality Indicator 4</a></p><p><b>version</b>: 1.0</p><p><b>name</b>: DiVI_QualityIndicator_4</p><p><b>title</b>: DIVI Quality Indicator 4</p><p><b>type</b>: <span title=\"Codes:{http://terminology.hl7.org/CodeSystem/plan-definition-type workflow-definition}\">Workflow Definition</span></p><p><b>status</b>: Active</p><p><b>experimental</b>: true</p><p><b>date</b>: 2024-03-29</p><p><b>publisher</b>: Deutsche Interdisziplinäre Vereinigung für Intensiv- und Notfallmedizin (DIVI)</p><p><b>description</b>: </p><div><p>DIVI Quality Indicator 4: Early Weaning from Invasive Ventilation</p>\n</div><blockquote><p><b>action</b></p><p><b>title</b>: DIVI Quality Indicator 4a: Daily Evaluation of Readiness-to-Wean and/or Weaning Trials</p><p><b>description</b>: </p><div><p>All invasive ventilated Intensive Care Patients should be evaluated for their readiness-to-wean and/or receive weaning trials at least once every day.</p>\n</div><p><b>code</b>: <span title=\"Codes:{http://hl7.org/fhir/uv/cpg/CodeSystem/cpg-common-process guideline-based-care}\">Guideline-based Care</span></p><p><b>definition</b>: <a href=\"PlanDefinition-PeriodicAssessmentOfWeaning.html\">Daily Evaluation of Readiness-to-Wean and/or Weaning Trials</a></p></blockquote><blockquote><p><b>action</b></p><p><b>title</b>: DIVI Quality Indicator 4b: Discharge with dependence on home ventilation</p><p><b>description</b>: </p><div><p>The fraction of patients discharged with dependence on home ventilation should be low.</p>\n</div><p><b>code</b>: <span title=\"Codes:{http://hl7.org/fhir/uv/cpg/CodeSystem/cpg-common-process guideline-based-care}\">Guideline-based Care</span></p><p><b>definition</b>: <a href=\"PlanDefinition-DischargeWithoutHomeVentilation.html\">Discharge with dependence on home ventilation</a></p></blockquote></div>"
  },
  "extension" : [{
    "extension" : [{
      "url" : "method",
      "valueCodeableConcept" : {
        "coding" : [{
          "system" : "https://www.netzwerk-universitaetsmedizin.de/fhir/cpg-on-ebm-on-fhir/CodeSystem/cs-action-combination-method",
          "code" : "all"
        }]
      }
    }],
    "url" : "https://www.netzwerk-universitaetsmedizin.de/fhir/cpg-on-ebm-on-fhir/StructureDefinition/ext-action-combination-method"
  },
  {
    "url" : "http://hl7.org/fhir/uv/cpg/StructureDefinition/cpg-knowledgeCapability",
    "valueCode" : "computable"
  },
  {
    "url" : "http://hl7.org/fhir/uv/cpg/StructureDefinition/cpg-knowledgeRepresentationLevel",
    "valueCode" : "structured"
  }],
  "url" : "https://www.netzwerk-universitaetsmedizin.de/fhir/codex-celida/guideline/DIVI-DigiQIs/recommendation/DIVI-QualityIndicator-4",
  "version" : "1.0",
  "name" : "DiVI_QualityIndicator_4",
  "title" : "DIVI Quality Indicator 4",
  "type" : {
    "coding" : [{
      "system" : "http://terminology.hl7.org/CodeSystem/plan-definition-type",
      "code" : "workflow-definition"
    }]
  },
  "status" : "active",
  "experimental" : true,
  "date" : "2024-03-29",
  "publisher" : "Deutsche Interdisziplinäre Vereinigung für Intensiv- und Notfallmedizin (DIVI)",
  "description" : "DIVI Quality Indicator 4: Early Weaning from Invasive Ventilation",
  "action" : [{
    "title" : "DIVI Quality Indicator 4a: Daily Evaluation of Readiness-to-Wean and/or Weaning Trials",
    "description" : "All invasive ventilated Intensive Care Patients should be evaluated for their readiness-to-wean and/or receive weaning trials at least once every day.",
    "code" : {
      "coding" : [{
        "system" : "http://hl7.org/fhir/uv/cpg/CodeSystem/cpg-common-process",
        "code" : "guideline-based-care"
      }]
    },
    "definitionCanonical" : "https://www.netzwerk-universitaetsmedizin.de/fhir/codex-celida/guideline/DIVI-DigiQIs/intervention/periodic-assessment_weaning"
  },
  {
    "title" : "DIVI Quality Indicator 4b: Discharge with dependence on home ventilation",
    "description" : "The fraction of patients discharged with dependence on home ventilation should be low.",
    "code" : {
      "coding" : [{
        "system" : "http://hl7.org/fhir/uv/cpg/CodeSystem/cpg-common-process",
        "code" : "guideline-based-care"
      }]
    },
    "definitionCanonical" : "https://www.netzwerk-universitaetsmedizin.de/fhir/codex-celida/guideline/DIVI-DigiQIs/intervention/discharge_longterm-ventilation-facility"
  }]
}