{
  "resourceType" : "PlanDefinition",
  "id" : "PEEPadjustedToFIO2-40to49",
  "meta" : {
    "profile" : ["https://www.netzwerk-universitaetsmedizin.de/fhir/cpg-on-ebm-on-fhir/StructureDefinition/recommendation-plan"]
  },
  "text" : {
    "status" : "generated",
    "div" : "<div xmlns=\"http://www.w3.org/1999/xhtml\"><p class=\"res-header-id\"><b>Generated Narrative: PlanDefinition PEEPadjustedToFIO2-40to49</b></p><a name=\"PEEPadjustedToFIO2-40to49\"> </a><a name=\"hcPEEPadjustedToFIO2-40to49\"> </a><a name=\"PEEPadjustedToFIO2-40to49-en-US\"> </a><p><b>url</b>: <a href=\"PlanDefinition-PEEPadjustedToFIO2-40to49.html\">PlanDefinition PEEP adjusted to FiO2=0.40-0.49</a></p><p><b>version</b>: 1.0</p><p><b>name</b>: Intervention_PEEP_adjustedTo_FiO2_40to49</p><p><b>title</b>: PEEP adjusted to FiO2=0.40-0.49</p><p><b>type</b>: <span title=\"Codes:{http://terminology.hl7.org/CodeSystem/plan-definition-type eca-rule}\">ECA Rule</span></p><p><b>status</b>: Active</p><p><b>subject</b>: <a href=\"EvidenceVariable-IntensiveCarePatients-SevereARDS-InvasiveVentilation-FiO2-40to49.html\">Population: Intensive Care Patients with Severe ARDS and Invasive Ventilation with FiO2=0.40-0.49</a></p><p><b>date</b>: 2024-03-29</p><p><b>description</b>: </p><div><p>PEEP should be adjusted according to the table on ardsnet.org in dependence of the FiO2 required to achieve adequate oxygenation in all ventilated ICU patients with severe ARDS.</p>\n</div><blockquote><p><b>goal</b></p><blockquote><p><b>id</b></p>peep-goal-fiO2-40to49</blockquote><p><b>category</b>: <span title=\"Codes:{http://snomed.info/sct 385857005}\">Ventilator care and adjustment (regime/therapy)</span></p><p><b>description</b>: <span title=\"Codes:\">PEEP should be set to 5-16 cmH2O for FiO2 0.40-0.49.</span></p><h3>Targets</h3><table class=\"grid\"><tr><td style=\"display: none\">-</td><td><b>Measure</b></td><td><b>Detail[x]</b></td></tr><tr><td style=\"display: none\">*</td><td><span title=\"Codes:{http://loinc.org 76248-4}\">PEEP Respiratory system --on ventilator</span></td><td>5-16 cm[H2O]</td></tr></table></blockquote><h3>Actions</h3><table class=\"grid\"><tr><td style=\"display: none\">-</td><td><b>Code</b></td><td><b>GoalId</b></td></tr><tr><td style=\"display: none\">*</td><td><span title=\"Codes:{http://snomed.info/sct 410210009}\">Ventilator care management (procedure)</span></td><td>peep-goal-fiO2-40to49</td></tr></table></div>"
  },
  "extension" : [{
    "url" : "http://hl7.org/fhir/uv/cpg/StructureDefinition/cpg-partOf",
    "valueCanonical" : "https://www.netzwerk-universitaetsmedizin.de/fhir/codex-celida/guideline/DIVI-DigiQIs/recommendation/DIVI-QualityIndicator-3"
  },
  {
    "extension" : [{
      "url" : "method",
      "valueCodeableConcept" : {
        "coding" : [{
          "system" : "https://www.netzwerk-universitaetsmedizin.de/fhir/cpg-on-ebm-on-fhir/CodeSystem/cs-action-combination-method",
          "code" : "all"
        }]
      }
    }],
    "url" : "https://www.netzwerk-universitaetsmedizin.de/fhir/cpg-on-ebm-on-fhir/StructureDefinition/ext-action-combination-method"
  },
  {
    "url" : "http://hl7.org/fhir/uv/cpg/StructureDefinition/cpg-knowledgeCapability",
    "valueCode" : "computable"
  },
  {
    "url" : "http://hl7.org/fhir/uv/cpg/StructureDefinition/cpg-knowledgeRepresentationLevel",
    "valueCode" : "structured"
  }],
  "url" : "https://www.netzwerk-universitaetsmedizin.de/fhir/codex-celida/guideline/DIVI-DigiQIs/intervention/PEEP_adjustedTo_FiO2-40to49",
  "version" : "1.0",
  "name" : "Intervention_PEEP_adjustedTo_FiO2_40to49",
  "title" : "PEEP adjusted to FiO2=0.40-0.49",
  "type" : {
    "coding" : [{
      "system" : "http://terminology.hl7.org/CodeSystem/plan-definition-type",
      "code" : "eca-rule"
    }]
  },
  "status" : "active",
  "subjectCanonical" : "https://www.netzwerk-universitaetsmedizin.de/fhir/codex-celida/guideline/DIVI-DigiQIs/population/intensive-care-patients_severe-ards_invasive-ventilation_FiO2-40to49",
  "date" : "2024-03-29",
  "description" : "PEEP should be adjusted according to the table on ardsnet.org in dependence of the FiO2 required to achieve adequate oxygenation in all ventilated ICU patients with severe ARDS.",
  "goal" : [{
    "id" : "peep-goal-fiO2-40to49",
    "category" : {
      "coding" : [{
        "system" : "http://snomed.info/sct",
        "code" : "385857005",
        "display" : "Ventilator care and adjustment (regime/therapy)"
      }]
    },
    "description" : {
      "text" : "PEEP should be set to 5-16 cmH2O for FiO2 0.40-0.49."
    },
    "target" : [{
      "measure" : {
        "coding" : [{
          "system" : "http://loinc.org",
          "code" : "76248-4",
          "display" : "PEEP Respiratory system --on ventilator"
        }]
      },
      "detailRange" : {
        "low" : {
          "value" : 5,
          "unit" : "cm[H2O]",
          "system" : "http://unitsofmeasure.org",
          "code" : "cm[H2O]"
        },
        "high" : {
          "value" : 16,
          "unit" : "cm[H2O]",
          "system" : "http://unitsofmeasure.org",
          "code" : "cm[H2O]"
        }
      }
    }]
  }],
  "action" : [{
    "code" : {
      "coding" : [{
        "system" : "http://snomed.info/sct",
        "code" : "410210009",
        "display" : "Ventilator care management (procedure)"
      }]
    },
    "goalId" : ["peep-goal-fiO2-40to49"]
  }]
}