{
  "resourceType" : "PlanDefinition",
  "id" : "SufficientFeeding",
  "meta" : {
    "profile" : ["https://www.netzwerk-universitaetsmedizin.de/fhir/cpg-on-ebm-on-fhir/StructureDefinition/recommendation-plan"]
  },
  "text" : {
    "status" : "generated",
    "div" : "<div xmlns=\"http://www.w3.org/1999/xhtml\"><p class=\"res-header-id\"><b>Generated Narrative: PlanDefinition SufficientFeeding</b></p><a name=\"SufficientFeeding\"> </a><a name=\"hcSufficientFeeding\"> </a><a name=\"SufficientFeeding-en-US\"> </a><p><b>url</b>: <a href=\"PlanDefinition-SufficientFeeding.html\">PlanDefinition Sufficient Feeding in Non-Adipose Patients</a></p><p><b>version</b>: 1.0</p><p><b>name</b>: Intervention_SufficientFeeding</p><p><b>title</b>: Sufficient Feeding in Non-Adipose Patients</p><p><b>type</b>: <span title=\"Codes:{http://terminology.hl7.org/CodeSystem/plan-definition-type eca-rule}\">ECA Rule</span></p><p><b>status</b>: Active</p><p><b>subject</b>: <a href=\"EvidenceVariable-IntensiveCarePatients-ClinicallyFed-NoAdipositas.html\">Population: Intensive Care Patients that are clinically fed and have no Adipositas</a></p><p><b>date</b>: 2024-03-29</p><p><b>description</b>: </p><div><p>Every day, all Non-Adipose Intensive Care Patients should receive the amount of Calories that match their daily individual requirements.</p>\n</div><h3>Actions</h3><table class=\"grid\"><tr><td style=\"display: none\">-</td><td><b>Code</b></td><td><b>Definition[x]</b></td></tr><tr><td style=\"display: none\">*</td><td><span title=\"Codes:{http://snomed.info/sct 74964007}\">Other (qualifier value)</span></td><td><a href=\"ActivityDefinition-DailySufficientFeeding.html\">The daily calorie intake is sufficient</a></td></tr></table></div>"
  },
  "extension" : [{
    "url" : "http://hl7.org/fhir/uv/cpg/StructureDefinition/cpg-partOf",
    "valueCanonical" : "https://www.netzwerk-universitaetsmedizin.de/fhir/codex-celida/guideline/DIVI-DigiQIs/recommendation/DIVI-QualityIndicator-7"
  },
  {
    "extension" : [{
      "url" : "method",
      "valueCodeableConcept" : {
        "coding" : [{
          "system" : "https://www.netzwerk-universitaetsmedizin.de/fhir/cpg-on-ebm-on-fhir/CodeSystem/cs-action-combination-method",
          "code" : "all"
        }]
      }
    }],
    "url" : "https://www.netzwerk-universitaetsmedizin.de/fhir/cpg-on-ebm-on-fhir/StructureDefinition/ext-action-combination-method"
  },
  {
    "url" : "http://hl7.org/fhir/uv/cpg/StructureDefinition/cpg-knowledgeCapability",
    "valueCode" : "computable"
  },
  {
    "url" : "http://hl7.org/fhir/uv/cpg/StructureDefinition/cpg-knowledgeRepresentationLevel",
    "valueCode" : "structured"
  }],
  "url" : "https://www.netzwerk-universitaetsmedizin.de/fhir/codex-celida/guideline/DIVI-DigiQIs/intervention/sufficient-feeding",
  "version" : "1.0",
  "name" : "Intervention_SufficientFeeding",
  "title" : "Sufficient Feeding in Non-Adipose Patients",
  "type" : {
    "coding" : [{
      "system" : "http://terminology.hl7.org/CodeSystem/plan-definition-type",
      "code" : "eca-rule"
    }]
  },
  "status" : "active",
  "subjectCanonical" : "https://www.netzwerk-universitaetsmedizin.de/fhir/codex-celida/guideline/DIVI-DigiQIs/population/intensive-care-patients_clinically-fed_no-adipositas",
  "date" : "2024-03-29",
  "description" : "Every day, all Non-Adipose Intensive Care Patients should receive the amount of Calories that match their daily individual requirements.",
  "action" : [{
    "code" : {
      "coding" : [{
        "system" : "http://snomed.info/sct",
        "code" : "74964007",
        "display" : "Other (qualifier value)"
      }]
    },
    "definitionCanonical" : "https://www.netzwerk-universitaetsmedizin.de/fhir/codex-celida/guideline/DIVI-DigiQIs/recommended-action/daily-sufficient-feeding"
  }]
}