{
  "resourceType" : "PlanDefinition",
  "id" : "DIVIQualityIndicator1",
  "meta" : {
    "profile" : ["https://www.netzwerk-universitaetsmedizin.de/fhir/cpg-on-ebm-on-fhir/StructureDefinition/recommendation"]
  },
  "text" : {
    "status" : "generated",
    "div" : "<div xmlns=\"http://www.w3.org/1999/xhtml\"><p class=\"res-header-id\"><b>Generated Narrative: PlanDefinition DIVIQualityIndicator1</b></p><a name=\"DIVIQualityIndicator1\"> </a><a name=\"hcDIVIQualityIndicator1\"> </a><a name=\"DIVIQualityIndicator1-en-US\"> </a><p><b>url</b>: <a href=\"PlanDefinition-DIVIQualityIndicator1.html\">PlanDefinition DIVI Quality Indicator 1</a></p><p><b>version</b>: 1.0</p><p><b>name</b>: DiVI_QualityIndicator_1</p><p><b>title</b>: DIVI Quality Indicator 1</p><p><b>type</b>: <span title=\"Codes:{http://terminology.hl7.org/CodeSystem/plan-definition-type workflow-definition}\">Workflow Definition</span></p><p><b>status</b>: Active</p><p><b>experimental</b>: true</p><p><b>date</b>: 2024-03-29</p><p><b>publisher</b>: Deutsche Interdisziplinäre Vereinigung für Intensiv- und Notfallmedizin (DIVI)</p><p><b>description</b>: </p><div><p>DIVI Quality Indicator 1: Daily multiprofessional ward rounds with documentation of treatment goals</p>\n</div><blockquote><p><b>action</b></p><p><b>title</b>: DIVI Quality Indicator 1a: Daily multiprofessional ward rounds</p><p><b>description</b>: </p><div><p>Every Intensive Care Patient should be visited daily in multiprofessional ward rounds.</p>\n</div><p><b>code</b>: <span title=\"Codes:{http://hl7.org/fhir/uv/cpg/CodeSystem/cpg-common-process guideline-based-care}\">Guideline-based Care</span></p><p><b>definition</b>: <a href=\"PlanDefinition-DailyMultiprofessionalWardRounds.html\">Daily multiprofessional ward rounds</a></p></blockquote><blockquote><p><b>action</b></p><p><b>title</b>: DIVI Quality Indicator 1b: Daily documentation of treatment goals</p><p><b>description</b>: </p><div><p>Treatment Goals should be documented daily for every Intensive Care Patient.</p>\n</div><p><b>code</b>: <span title=\"Codes:{http://hl7.org/fhir/uv/cpg/CodeSystem/cpg-common-process guideline-based-care}\">Guideline-based Care</span></p><p><b>definition</b>: <a href=\"PlanDefinition-DailyDocumentationTreatmentGoals.html\">Daily Documentation of Treatment Goals</a></p></blockquote></div>"
  },
  "extension" : [{
    "extension" : [{
      "url" : "method",
      "valueCodeableConcept" : {
        "coding" : [{
          "system" : "https://www.netzwerk-universitaetsmedizin.de/fhir/cpg-on-ebm-on-fhir/CodeSystem/cs-action-combination-method",
          "code" : "all"
        }]
      }
    }],
    "url" : "https://www.netzwerk-universitaetsmedizin.de/fhir/cpg-on-ebm-on-fhir/StructureDefinition/ext-action-combination-method"
  },
  {
    "url" : "http://hl7.org/fhir/uv/cpg/StructureDefinition/cpg-knowledgeCapability",
    "valueCode" : "computable"
  },
  {
    "url" : "http://hl7.org/fhir/uv/cpg/StructureDefinition/cpg-knowledgeRepresentationLevel",
    "valueCode" : "structured"
  }],
  "url" : "https://www.netzwerk-universitaetsmedizin.de/fhir/codex-celida/guideline/DIVI-DigiQIs/recommendation/DIVI-QualityIndicator-1",
  "version" : "1.0",
  "name" : "DiVI_QualityIndicator_1",
  "title" : "DIVI Quality Indicator 1",
  "type" : {
    "coding" : [{
      "system" : "http://terminology.hl7.org/CodeSystem/plan-definition-type",
      "code" : "workflow-definition"
    }]
  },
  "status" : "active",
  "experimental" : true,
  "date" : "2024-03-29",
  "publisher" : "Deutsche Interdisziplinäre Vereinigung für Intensiv- und Notfallmedizin (DIVI)",
  "description" : "DIVI Quality Indicator 1: Daily multiprofessional ward rounds with documentation of treatment goals",
  "action" : [{
    "title" : "DIVI Quality Indicator 1a: Daily multiprofessional ward rounds",
    "description" : "Every Intensive Care Patient should be visited daily in multiprofessional ward rounds.",
    "code" : {
      "coding" : [{
        "system" : "http://hl7.org/fhir/uv/cpg/CodeSystem/cpg-common-process",
        "code" : "guideline-based-care"
      }]
    },
    "definitionCanonical" : "https://www.netzwerk-universitaetsmedizin.de/fhir/codex-celida/guideline/DIVI-DigiQIs/intervention/daily-ward-rounds"
  },
  {
    "title" : "DIVI Quality Indicator 1b: Daily documentation of treatment goals",
    "description" : "Treatment Goals should be documented daily for every Intensive Care Patient.",
    "code" : {
      "coding" : [{
        "system" : "http://hl7.org/fhir/uv/cpg/CodeSystem/cpg-common-process",
        "code" : "guideline-based-care"
      }]
    },
    "definitionCanonical" : "https://www.netzwerk-universitaetsmedizin.de/fhir/codex-celida/guideline/DIVI-DigiQIs/intervention/daily-treatment-goals"
  }]
}