{
  "resourceType" : "PlanDefinition",
  "id" : "DIVIQualityIndicator3",
  "meta" : {
    "profile" : ["https://www.netzwerk-universitaetsmedizin.de/fhir/cpg-on-ebm-on-fhir/StructureDefinition/recommendation"]
  },
  "text" : {
    "status" : "generated",
    "div" : "<div xmlns=\"http://www.w3.org/1999/xhtml\"><p class=\"res-header-id\"><b>Generated Narrative: PlanDefinition DIVIQualityIndicator3</b></p><a name=\"DIVIQualityIndicator3\"> </a><a name=\"hcDIVIQualityIndicator3\"> </a><a name=\"DIVIQualityIndicator3-en-US\"> </a><p><b>url</b>: <a href=\"PlanDefinition-DIVIQualityIndicator3.html\">PlanDefinition DIVI Quality Indicator 3</a></p><p><b>version</b>: 1.0</p><p><b>name</b>: DiVI_QualityIndicator_3</p><p><b>title</b>: DIVI Quality Indicator 3</p><p><b>type</b>: <span title=\"Codes:{http://terminology.hl7.org/CodeSystem/plan-definition-type workflow-definition}\">Workflow Definition</span></p><p><b>status</b>: Active</p><p><b>experimental</b>: true</p><p><b>date</b>: 2024-03-29</p><p><b>publisher</b>: Deutsche Interdisziplinäre Vereinigung für Intensiv- und Notfallmedizin (DIVI)</p><p><b>description</b>: </p><div><p>DIVI Quality Indicator 3: Patient-adapted Ventilation</p>\n</div><blockquote><p><b>action</b></p><p><b>title</b>: DIVI Quality Indicator 3a: Tidal Volume Limitation</p><p><b>description</b>: </p><div><p>Tidal volume should be limited to a maximum of 6 ml/kg ideal body weight in all invasive ventilated ICU patients with severe ARDS.</p>\n</div><p><b>code</b>: <span title=\"Codes:{http://hl7.org/fhir/uv/cpg/CodeSystem/cpg-common-process guideline-based-care}\">Guideline-based Care</span></p><p><b>definition</b>: <a href=\"PlanDefinition-TidalVolumeLimitation.html\">Tidal Volume Limitation</a></p></blockquote><blockquote><p><b>action</b></p><p><b>title</b>: DIVI Quality Indicator 3b: Plateau Pressure Limitation</p><p><b>description</b>: </p><div><p>Plateau pressure should be limited to a maximum of 30 cmH2O in all invasive ventilated ICU patients with severe ARDS.</p>\n</div><p><b>code</b>: <span title=\"Codes:{http://hl7.org/fhir/uv/cpg/CodeSystem/cpg-common-process guideline-based-care}\">Guideline-based Care</span></p><p><b>definition</b>: <a href=\"PlanDefinition-PlateauPressureLimitation.html\">Plateau Pressure Limitation</a></p></blockquote><blockquote><p><b>action</b></p><p><b>title</b>: DIVI Quality Indicator 3b: Driving Pressure Limitation</p><p><b>description</b>: </p><div><p>Driving pressure should be limited to a maximum of 15 cmH2O in all invasive ventilated ICU patients with severe ARDS.</p>\n</div><p><b>code</b>: <span title=\"Codes:{http://hl7.org/fhir/uv/cpg/CodeSystem/cpg-common-process guideline-based-care}\">Guideline-based Care</span></p><p><b>definition</b>: <a href=\"PlanDefinition-DrivingPressureLimitation.html\">Driving Pressure Limitation</a></p></blockquote><blockquote><p><b>action</b></p><p><b>title</b>: Facultative Indicator 3d-1: PEEP adjusted in Dependence of FiO2=0.21-0.29</p><p><b>description</b>: </p><div><p>PEEP should be adjusted according to the table on ardsnet.org in dependence of the FiO2 required to achieve adequate oxygenation in all ventilated ICU patients with severe ARDS.</p>\n</div><p><b>code</b>: <span title=\"Codes:{http://hl7.org/fhir/uv/cpg/CodeSystem/cpg-common-process guideline-based-care}\">Guideline-based Care</span></p><p><b>definition</b>: <a href=\"PlanDefinition-PEEPadjustedToFIO2-21to29.html\">PEEP adjusted to FiO2=0.21-0.29</a></p></blockquote><blockquote><p><b>action</b></p><p><b>title</b>: Facultative Indicator 3d-2: PEEP adjusted in Dependence of FiO2=0.3-0.39</p><p><b>description</b>: </p><div><p>PEEP should be adjusted according to the table on ardsnet.org in dependence of the FiO2 required to achieve adequate oxygenation in all ventilated ICU patients with severe ARDS.</p>\n</div><p><b>code</b>: <span title=\"Codes:{http://hl7.org/fhir/uv/cpg/CodeSystem/cpg-common-process guideline-based-care}\">Guideline-based Care</span></p><p><b>definition</b>: <a href=\"PlanDefinition-PEEPadjustedToFIO2-30to39.html\">PEEP adjusted to FiO2=0.30-0.39</a></p></blockquote><blockquote><p><b>action</b></p><p><b>title</b>: Facultative Indicator 3d-3: PEEP adjusted in Dependence of FiO2=0.4-0.49</p><p><b>description</b>: </p><div><p>PEEP should be adjusted according to the table on ardsnet.org in dependence of the FiO2 required to achieve adequate oxygenation in all ventilated ICU patients with severe ARDS.</p>\n</div><p><b>code</b>: <span title=\"Codes:{http://hl7.org/fhir/uv/cpg/CodeSystem/cpg-common-process guideline-based-care}\">Guideline-based Care</span></p><p><b>definition</b>: <a href=\"PlanDefinition-PEEPadjustedToFIO2-40to49.html\">PEEP adjusted to FiO2=0.40-0.49</a></p></blockquote><blockquote><p><b>action</b></p><p><b>title</b>: Facultative Indicator 3d-4: PEEP adjusted in Dependence of FiO2=0.5-0.59</p><p><b>description</b>: </p><div><p>PEEP should be adjusted according to the table on ardsnet.org in dependence of the FiO2 required to achieve adequate oxygenation in all ventilated ICU patients with severe ARDS.</p>\n</div><p><b>code</b>: <span title=\"Codes:{http://hl7.org/fhir/uv/cpg/CodeSystem/cpg-common-process guideline-based-care}\">Guideline-based Care</span></p><p><b>definition</b>: <a href=\"PlanDefinition-PEEPadjustedToFIO2-50to59.html\">PEEP adjusted to FiO2=0.50-0.59</a></p></blockquote><blockquote><p><b>action</b></p><p><b>title</b>: Facultative Indicator 3d-5: PEEP adjusted in Dependence of FiO2=0.6-0.79</p><p><b>description</b>: </p><div><p>PEEP should be adjusted according to the table on ardsnet.org in dependence of the FiO2 required to achieve adequate oxygenation in all ventilated ICU patients with severe ARDS.</p>\n</div><p><b>code</b>: <span title=\"Codes:{http://hl7.org/fhir/uv/cpg/CodeSystem/cpg-common-process guideline-based-care}\">Guideline-based Care</span></p><p><b>definition</b>: <a href=\"PlanDefinition-PEEPadjustedToFIO2-60to79.html\">PEEP adjusted to FiO2=0.60-0.79</a></p></blockquote><blockquote><p><b>action</b></p><p><b>title</b>: Facultative Indicator 3d-6: PEEP adjusted in Dependence of FiO2=0.8-0.99</p><p><b>description</b>: </p><div><p>PEEP should be adjusted according to the table on ardsnet.org in dependence of the FiO2 required to achieve adequate oxygenation in all ventilated ICU patients with severe ARDS.</p>\n</div><p><b>code</b>: <span title=\"Codes:{http://hl7.org/fhir/uv/cpg/CodeSystem/cpg-common-process guideline-based-care}\">Guideline-based Care</span></p><p><b>definition</b>: <a href=\"PlanDefinition-PEEPadjustedToFIO2-80to99.html\">PEEP adjusted to FiO2=0.80-0.99</a></p></blockquote><blockquote><p><b>action</b></p><p><b>title</b>: Facultative Indicator 3d-7: PEEP adjusted in Dependence of FiO2=1.0</p><p><b>description</b>: </p><div><p>PEEP should be adjusted according to the table on ardsnet.org in dependence of the FiO2 required to achieve adequate oxygenation in all ventilated ICU patients with severe ARDS.</p>\n</div><p><b>code</b>: <span title=\"Codes:{http://hl7.org/fhir/uv/cpg/CodeSystem/cpg-common-process guideline-based-care}\">Guideline-based Care</span></p><p><b>definition</b>: <a href=\"PlanDefinition-PEEPadjustedToFIO2-100.html\">PEEP adjusted to FiO2=1.00</a></p></blockquote></div>"
  },
  "extension" : [{
    "extension" : [{
      "url" : "method",
      "valueCodeableConcept" : {
        "coding" : [{
          "system" : "https://www.netzwerk-universitaetsmedizin.de/fhir/cpg-on-ebm-on-fhir/CodeSystem/cs-action-combination-method",
          "code" : "all"
        }]
      }
    }],
    "url" : "https://www.netzwerk-universitaetsmedizin.de/fhir/cpg-on-ebm-on-fhir/StructureDefinition/ext-action-combination-method"
  },
  {
    "url" : "http://hl7.org/fhir/uv/cpg/StructureDefinition/cpg-knowledgeCapability",
    "valueCode" : "computable"
  },
  {
    "url" : "http://hl7.org/fhir/uv/cpg/StructureDefinition/cpg-knowledgeRepresentationLevel",
    "valueCode" : "structured"
  }],
  "url" : "https://www.netzwerk-universitaetsmedizin.de/fhir/codex-celida/guideline/DIVI-DigiQIs/recommendation/DIVI-QualityIndicator-3",
  "version" : "1.0",
  "name" : "DiVI_QualityIndicator_3",
  "title" : "DIVI Quality Indicator 3",
  "type" : {
    "coding" : [{
      "system" : "http://terminology.hl7.org/CodeSystem/plan-definition-type",
      "code" : "workflow-definition"
    }]
  },
  "status" : "active",
  "experimental" : true,
  "date" : "2024-03-29",
  "publisher" : "Deutsche Interdisziplinäre Vereinigung für Intensiv- und Notfallmedizin (DIVI)",
  "description" : "DIVI Quality Indicator 3: Patient-adapted Ventilation",
  "action" : [{
    "title" : "DIVI Quality Indicator 3a: Tidal Volume Limitation",
    "description" : "Tidal volume should be limited to a maximum of 6 ml/kg ideal body weight in all invasive ventilated ICU patients with severe ARDS.",
    "code" : {
      "coding" : [{
        "system" : "http://hl7.org/fhir/uv/cpg/CodeSystem/cpg-common-process",
        "code" : "guideline-based-care"
      }]
    },
    "definitionCanonical" : "https://www.netzwerk-universitaetsmedizin.de/fhir/codex-celida/guideline/DIVI-DigiQIs/intervention/tidal-volume_limitation"
  },
  {
    "title" : "DIVI Quality Indicator 3b: Plateau Pressure Limitation",
    "description" : "Plateau pressure should be limited to a maximum of 30 cmH2O in all invasive ventilated ICU patients with severe ARDS.",
    "code" : {
      "coding" : [{
        "system" : "http://hl7.org/fhir/uv/cpg/CodeSystem/cpg-common-process",
        "code" : "guideline-based-care"
      }]
    },
    "definitionCanonical" : "https://www.netzwerk-universitaetsmedizin.de/fhir/codex-celida/guideline/DIVI-DigiQIs/intervention/plateau-pressure_limitation"
  },
  {
    "title" : "DIVI Quality Indicator 3b: Driving Pressure Limitation",
    "description" : "Driving pressure should be limited to a maximum of 15 cmH2O in all invasive ventilated ICU patients with severe ARDS.",
    "code" : {
      "coding" : [{
        "system" : "http://hl7.org/fhir/uv/cpg/CodeSystem/cpg-common-process",
        "code" : "guideline-based-care"
      }]
    },
    "definitionCanonical" : "https://www.netzwerk-universitaetsmedizin.de/fhir/codex-celida/guideline/DIVI-DigiQIs/intervention/driving-pressure_limitation"
  },
  {
    "title" : "Facultative Indicator 3d-1: PEEP adjusted in Dependence of FiO2=0.21-0.29",
    "description" : "PEEP should be adjusted according to the table on ardsnet.org in dependence of the FiO2 required to achieve adequate oxygenation in all ventilated ICU patients with severe ARDS.",
    "code" : {
      "coding" : [{
        "system" : "http://hl7.org/fhir/uv/cpg/CodeSystem/cpg-common-process",
        "code" : "guideline-based-care"
      }]
    },
    "definitionCanonical" : "https://www.netzwerk-universitaetsmedizin.de/fhir/codex-celida/guideline/DIVI-DigiQIs/intervention/PEEP_adjustedTo_FiO2-21to29"
  },
  {
    "title" : "Facultative Indicator 3d-2: PEEP adjusted in Dependence of FiO2=0.3-0.39",
    "description" : "PEEP should be adjusted according to the table on ardsnet.org in dependence of the FiO2 required to achieve adequate oxygenation in all ventilated ICU patients with severe ARDS.",
    "code" : {
      "coding" : [{
        "system" : "http://hl7.org/fhir/uv/cpg/CodeSystem/cpg-common-process",
        "code" : "guideline-based-care"
      }]
    },
    "definitionCanonical" : "https://www.netzwerk-universitaetsmedizin.de/fhir/codex-celida/guideline/DIVI-DigiQIs/intervention/PEEP_adjustedTo_FiO2-30to39"
  },
  {
    "title" : "Facultative Indicator 3d-3: PEEP adjusted in Dependence of FiO2=0.4-0.49",
    "description" : "PEEP should be adjusted according to the table on ardsnet.org in dependence of the FiO2 required to achieve adequate oxygenation in all ventilated ICU patients with severe ARDS.",
    "code" : {
      "coding" : [{
        "system" : "http://hl7.org/fhir/uv/cpg/CodeSystem/cpg-common-process",
        "code" : "guideline-based-care"
      }]
    },
    "definitionCanonical" : "https://www.netzwerk-universitaetsmedizin.de/fhir/codex-celida/guideline/DIVI-DigiQIs/intervention/PEEP_adjustedTo_FiO2-40to49"
  },
  {
    "title" : "Facultative Indicator 3d-4: PEEP adjusted in Dependence of FiO2=0.5-0.59",
    "description" : "PEEP should be adjusted according to the table on ardsnet.org in dependence of the FiO2 required to achieve adequate oxygenation in all ventilated ICU patients with severe ARDS.",
    "code" : {
      "coding" : [{
        "system" : "http://hl7.org/fhir/uv/cpg/CodeSystem/cpg-common-process",
        "code" : "guideline-based-care"
      }]
    },
    "definitionCanonical" : "https://www.netzwerk-universitaetsmedizin.de/fhir/codex-celida/guideline/DIVI-DigiQIs/intervention/PEEP_adjustedTo_FiO2-50to59"
  },
  {
    "title" : "Facultative Indicator 3d-5: PEEP adjusted in Dependence of FiO2=0.6-0.79",
    "description" : "PEEP should be adjusted according to the table on ardsnet.org in dependence of the FiO2 required to achieve adequate oxygenation in all ventilated ICU patients with severe ARDS.",
    "code" : {
      "coding" : [{
        "system" : "http://hl7.org/fhir/uv/cpg/CodeSystem/cpg-common-process",
        "code" : "guideline-based-care"
      }]
    },
    "definitionCanonical" : "https://www.netzwerk-universitaetsmedizin.de/fhir/codex-celida/guideline/DIVI-DigiQIs/intervention/PEEP_adjustedTo_FiO2-60to79"
  },
  {
    "title" : "Facultative Indicator 3d-6: PEEP adjusted in Dependence of FiO2=0.8-0.99",
    "description" : "PEEP should be adjusted according to the table on ardsnet.org in dependence of the FiO2 required to achieve adequate oxygenation in all ventilated ICU patients with severe ARDS.",
    "code" : {
      "coding" : [{
        "system" : "http://hl7.org/fhir/uv/cpg/CodeSystem/cpg-common-process",
        "code" : "guideline-based-care"
      }]
    },
    "definitionCanonical" : "https://www.netzwerk-universitaetsmedizin.de/fhir/codex-celida/guideline/DIVI-DigiQIs/intervention/PEEP_adjustedTo_FiO2-80to99"
  },
  {
    "title" : "Facultative Indicator 3d-7: PEEP adjusted in Dependence of FiO2=1.0",
    "description" : "PEEP should be adjusted according to the table on ardsnet.org in dependence of the FiO2 required to achieve adequate oxygenation in all ventilated ICU patients with severe ARDS.",
    "code" : {
      "coding" : [{
        "system" : "http://hl7.org/fhir/uv/cpg/CodeSystem/cpg-common-process",
        "code" : "guideline-based-care"
      }]
    },
    "definitionCanonical" : "https://www.netzwerk-universitaetsmedizin.de/fhir/codex-celida/guideline/DIVI-DigiQIs/intervention/PEEP_adjustedTo_FiO2-100"
  }]
}